gene	cell_type	comparison	log2FC	padj	baseMean	direction	pain_categories	significant
ANGPT1	Endothelial cells	healthy_vs_degenerated_all	-1.2996368223510957	0.9999454704999576	9.02340714634463	DOWN	Neovascularization	False
ANGPT2	Endothelial cells	healthy_vs_degenerated_all	-1.8116617009001896	0.2617099674418552	32.708564672604744	DOWN	Neovascularization	False
ASIC3	Endothelial cells	healthy_vs_degenerated_all	0.5179601082224061		0.0701858663545572	UP	Nociception_ion_channels	False
BDKRB2	Endothelial cells	healthy_vs_degenerated_all	0.9502521567728988	0.9999454704999576	12.351099506463198	UP	Inflammatory_pain	False
BDNF	Endothelial cells	healthy_vs_degenerated_all	-1.274636347432538		0.4119666037122039	DOWN	Neuropeptides; Neurotrophin_signaling	False
CCL2	Endothelial cells	healthy_vs_degenerated_all	0.3134141879643648	0.9999454704999576	230.3435001893756	UP	Inflammatory_pain	False
CXCL8	Endothelial cells	healthy_vs_degenerated_all	0.065750293313355	0.9999454704999576	36.71953663715573	UP	Inflammatory_pain	False
FGF2	Endothelial cells	healthy_vs_degenerated_all	-0.6386200399910188	0.9999454704999576	20.405674004959383	DOWN	Neovascularization	False
FLT1	Endothelial cells	healthy_vs_degenerated_all	0.2647497321819119	0.9999454704999576	313.5479494236118	UP	Neovascularization	False
GAL	Endothelial cells	healthy_vs_degenerated_all	0.1257926997749676		0.1851202212349339	UP	Neuropeptides	False
NGF	Endothelial cells	healthy_vs_degenerated_all	-1.7373077834037918		6.806468127859877	DOWN	Neuropeptides; Neurotrophin_signaling	False
NGFR	Endothelial cells	healthy_vs_degenerated_all	0.8916790882961543		3.752734433865073	UP	Neurotrophin_receptors; Neurotrophin_signaling	False
NRP1	Endothelial cells	healthy_vs_degenerated_all	-0.1962525185581151	0.9999454704999576	165.14267192540146	DOWN	Nerve_guidance	False
NRP2	Endothelial cells	healthy_vs_degenerated_all	-0.5560863466127449	0.9999454704999576	84.47272033190511	DOWN	Nerve_guidance	False
NTN1	Endothelial cells	healthy_vs_degenerated_all	0.3594379094545576		0.9051622031467146	UP	Nerve_guidance	False
NTN4	Endothelial cells	healthy_vs_degenerated_all	0.3623884353440167	0.9999454704999576	28.60323896135153	UP	Nerve_guidance	False
NTRK2	Endothelial cells	healthy_vs_degenerated_all	0.4161272824913031	0.9999454704999576	31.849697936866846	UP	Neurotrophin_receptors; Neurotrophin_signaling	False
P2RX4	Endothelial cells	healthy_vs_degenerated_all	-1.551023719044326		6.311674943187667	DOWN	Nociception_ion_channels	False
P2RX7	Endothelial cells	healthy_vs_degenerated_all	0.2631394635221362		3.4511337781640656	UP	Nociception_ion_channels	False
PDGFA	Endothelial cells	healthy_vs_degenerated_all	-0.6445074155147691	0.9999454704999576	72.25924437855414	DOWN	Neovascularization	False
PLA2G2A	Endothelial cells	healthy_vs_degenerated_all	-0.5938988829071172	0.9999454704999576	47.08676558753243	DOWN	Inflammatory_pain	False
PTGES	Endothelial cells	healthy_vs_degenerated_all	0.0500159518308857		0.4478924570835615	UP	Inflammatory_pain	False
PTGS2	Endothelial cells	healthy_vs_degenerated_all	0.8192079030176991	0.9999454704999576	28.45546637509205	UP	Inflammatory_pain	False
ROBO1	Endothelial cells	healthy_vs_degenerated_all	0.5887589598145369	0.9999454704999576	12.05004518751556	UP	Nerve_guidance	False
ROBO2	Endothelial cells	healthy_vs_degenerated_all	0.0006090834581864		0.0749238513297354	UP	Nerve_guidance	False
SEMA3A	Endothelial cells	healthy_vs_degenerated_all	-0.029682734216993		1.3659315426355054	DOWN	Nerve_guidance	False
SEMA3E	Endothelial cells	healthy_vs_degenerated_all	-0.9180228560328194		5.917053616066302	DOWN	Nerve_guidance	False
SLIT3	Endothelial cells	healthy_vs_degenerated_all	1.0593119924134966	0.9999454704999576	40.8667210640154	UP	Nerve_guidance	False
TNF	Endothelial cells	healthy_vs_degenerated_all	-0.9227571759531402		1.1436896091101894	DOWN	Inflammatory_pain	False
TRPV1	Endothelial cells	healthy_vs_degenerated_all	0.3071684166788409		1.9799856977823311	UP	Nociception_ion_channels	False
TRPV4	Endothelial cells	healthy_vs_degenerated_all	-1.234934705035508		3.152603923108678	DOWN	Nociception_ion_channels	False
UNC5B	Endothelial cells	healthy_vs_degenerated_all	-0.0711987494840198	0.9999454704999576	22.88409580530545	DOWN	Nerve_guidance	False
VEGFA	Endothelial cells	healthy_vs_degenerated_all	-1.2040547849750407	0.9999454704999576	48.05531207199399	DOWN	Neovascularization	False
VEGFB	Endothelial cells	healthy_vs_degenerated_all	-0.6411440388012577	0.9999454704999576	26.40280536520129	DOWN	Neovascularization	False
ANGPT1	Endothelial cells	healthy_vs_degenerated_severe	-1.0495036773169295	0.9993682380772286	14.023517055867748	DOWN	Neovascularization	False
ANGPT2	Endothelial cells	healthy_vs_degenerated_severe	-1.9929061825271	0.3460307448929701	44.75804564545658	DOWN	Neovascularization	False
ASIC3	Endothelial cells	healthy_vs_degenerated_severe	0.1991911361923891		0.1093082484719961	UP	Nociception_ion_channels	False
BDKRB2	Endothelial cells	healthy_vs_degenerated_severe	1.1491982515686667	0.9993682380772286	17.94026236997103	UP	Inflammatory_pain	False
BDNF	Endothelial cells	healthy_vs_degenerated_severe	-1.6550190434805123		0.6408583038670338	DOWN	Neuropeptides; Neurotrophin_signaling	False
CCL2	Endothelial cells	healthy_vs_degenerated_severe	0.7091199532042556	0.9993682380772286	353.24012551777884	UP	Inflammatory_pain	False
CXCL8	Endothelial cells	healthy_vs_degenerated_severe	0.4288768225064731	0.9993682380772286	55.61333619325743	UP	Inflammatory_pain	False
FGF2	Endothelial cells	healthy_vs_degenerated_severe	-1.2764503416375537	0.9993682380772286	22.11766847954293	DOWN	Neovascularization	False
FLT1	Endothelial cells	healthy_vs_degenerated_severe	0.2353404335344733	0.9993682380772286	406.2432743263452	UP	Neovascularization	False
GAL	Endothelial cells	healthy_vs_degenerated_severe	-0.0775042595004332		0.287972130729074	DOWN	Neuropeptides	False
NGF	Endothelial cells	healthy_vs_degenerated_severe	-1.837242077012985		9.374824267619337	DOWN	Neuropeptides; Neurotrophin_signaling	False
NGFR	Endothelial cells	healthy_vs_degenerated_severe	-0.1808610101003681		2.256896534174451	DOWN	Neurotrophin_receptors; Neurotrophin_signaling	False
NRP1	Endothelial cells	healthy_vs_degenerated_severe	-0.3081114598276501	0.9993682380772286	212.9210799266094	DOWN	Nerve_guidance	False
NRP2	Endothelial cells	healthy_vs_degenerated_severe	-0.3529777457492521	0.9993682380772286	123.58151781521292	DOWN	Nerve_guidance	False
NTN1	Endothelial cells	healthy_vs_degenerated_severe	0.5561937346219028		1.4107642771269395	UP	Nerve_guidance	False
NTN4	Endothelial cells	healthy_vs_degenerated_severe	0.3760228450678224	0.9993682380772286	37.30981870021952	UP	Nerve_guidance	False
NTRK2	Endothelial cells	healthy_vs_degenerated_severe	0.0798439118734501	0.9993682380772286	35.19435111902897	UP	Neurotrophin_receptors; Neurotrophin_signaling	False
P2RX4	Endothelial cells	healthy_vs_degenerated_severe	-1.7250965592611245		8.57456210969297	DOWN	Nociception_ion_channels	False
P2RX7	Endothelial cells	healthy_vs_degenerated_severe	-0.2343668045148076		2.98283633850755	DOWN	Nociception_ion_channels	False
PDGFA	Endothelial cells	healthy_vs_degenerated_severe	-0.5951457329433104	0.9993682380772286	100.20160356977247	DOWN	Neovascularization	False
PLA2G2A	Endothelial cells	healthy_vs_degenerated_severe	-0.1882461240463358	0.9993682380772286	73.29653791337772	DOWN	Inflammatory_pain	False
PTGES	Endothelial cells	healthy_vs_degenerated_severe	0.0399828894606272		0.6971757852821608	UP	Inflammatory_pain	False
PTGS2	Endothelial cells	healthy_vs_degenerated_severe	1.0290989231233143	0.9993682380772286	40.69362881186023	UP	Inflammatory_pain	False
ROBO1	Endothelial cells	healthy_vs_degenerated_severe	-0.1218985907339101	0.9993682380772286	10.356159238799629	DOWN	Nerve_guidance	False
ROBO2	Endothelial cells	healthy_vs_degenerated_severe	-0.4626076579327547		0.1163001459704564	DOWN	Nerve_guidance	False
SEMA3A	Endothelial cells	healthy_vs_degenerated_severe	0.1520346804882117		2.1223971827663943	UP	Nerve_guidance	False
SEMA3E	Endothelial cells	healthy_vs_degenerated_severe	-0.9554574449415254		8.014886367264479	DOWN	Nerve_guidance	False
SLIT3	Endothelial cells	healthy_vs_degenerated_severe	0.0491705504254602	0.9993682380772286	32.52087792606491	UP	Nerve_guidance	False
TNF	Endothelial cells	healthy_vs_degenerated_severe	-0.9163281965442728		1.7618929587896983	DOWN	Inflammatory_pain	False
TRPV1	Endothelial cells	healthy_vs_degenerated_severe	0.5317534984314461		3.0749711853889727	UP	Nociception_ion_channels	False
TRPV4	Endothelial cells	healthy_vs_degenerated_severe	-1.0446555422987147		4.896506803442761	DOWN	Nociception_ion_channels	False
UNC5B	Endothelial cells	healthy_vs_degenerated_severe	0.0967025713725314	0.9993682380772286	33.06611802681794	UP	Nerve_guidance	False
VEGFA	Endothelial cells	healthy_vs_degenerated_severe	-1.2106531816704424	0.9993682380772286	67.25563932484856	DOWN	Neovascularization	False
VEGFB	Endothelial cells	healthy_vs_degenerated_severe	-0.4218397695614411	0.9993682380772286	39.77917532995523	DOWN	Neovascularization	False
ANGPT1	Tcm/Naive helper T cells	mild_vs_severe	1.2119447399980978	0.9991246290801534	0.1613299388693621	UP	Neovascularization	False
ASIC3	Tcm/Naive helper T cells	mild_vs_severe	1.211944739998098	0.9991246290801534	0.1343347051848965	UP	Nociception_ion_channels	False
BDKRB2	Tcm/Naive helper T cells	mild_vs_severe	1.2119447399980978	0.9991246290801534	0.1613299388693621	UP	Inflammatory_pain	False
CCL2	Tcm/Naive helper T cells	mild_vs_severe	1.2119447399980978	0.9991246290801534	0.1613299388693621	UP	Inflammatory_pain	False
CXCL8	Tcm/Naive helper T cells	mild_vs_severe	-1.6316214031331795	0.9991246290801534	40.82381381607495	DOWN	Inflammatory_pain	False
FGF2	Tcm/Naive helper T cells	mild_vs_severe	2.9906442359230025	0.9991246290801534	1.4775857591314143	UP	Neovascularization	False
FLT1	Tcm/Naive helper T cells	mild_vs_severe	1.0987807524629971	0.9991246290801534	2.1856664133499977	UP	Neovascularization	False
NGFR	Tcm/Naive helper T cells	mild_vs_severe	0.6666163171518021	0.9991246290801534	1.5413816525226782	UP	Neurotrophin_receptors; Neurotrophin_signaling	False
NRP2	Tcm/Naive helper T cells	mild_vs_severe	1.848780254004352	0.9991246290801534	0.2617847892170629	UP	Nerve_guidance	False
NTN4	Tcm/Naive helper T cells	mild_vs_severe	-2.4031908986153847	0.9991246290801534	0.914072370946996	DOWN	Nerve_guidance	False
NTRK2	Tcm/Naive helper T cells	mild_vs_severe	-1.353292814142297	0.9991246290801534	1.0069350362810303	DOWN	Neurotrophin_receptors; Neurotrophin_signaling	False
P2RX4	Tcm/Naive helper T cells	mild_vs_severe	-0.913383716207508	0.9991246290801534	0.8370463015329831	DOWN	Nociception_ion_channels	False
P2RX7	Tcm/Naive helper T cells	mild_vs_severe	-0.073101293021739	0.9991246290801534	1.6949449750645158	DOWN	Nociception_ion_channels	False
PDGFA	Tcm/Naive helper T cells	mild_vs_severe	-2.3951522191690717	0.9991246290801534	0.4449136822752946	DOWN	Neovascularization	False
PLA2G2A	Tcm/Naive helper T cells	mild_vs_severe	3.2655031436763804	0.9991246290801534	1.5585506196945629	UP	Inflammatory_pain	False
PTGES	Tcm/Naive helper T cells	mild_vs_severe	-0.2018524046546395	0.9991246290801534	0.261452900120695	DOWN	Inflammatory_pain	False
PTGS2	Tcm/Naive helper T cells	mild_vs_severe	-0.7212920532705739	0.9991246290801534	6.236065695279225	DOWN	Inflammatory_pain	False
ROBO1	Tcm/Naive helper T cells	mild_vs_severe	1.9341561410860024	0.9991246290801534	0.3616950749968578	UP	Nerve_guidance	False
SEMA3A	Tcm/Naive helper T cells	mild_vs_severe	2.711537250165406	0.9991246290801534	0.530454199586856	UP	Nerve_guidance	False
TNF	Tcm/Naive helper T cells	mild_vs_severe	-1.814382696665676	0.9991246290801534	3.5884139264484096	DOWN	Inflammatory_pain	False
TRPV1	Tcm/Naive helper T cells	mild_vs_severe	2.7184663616165072	0.9991246290801534	0.537338820739586	UP	Nociception_ion_channels	False
UNC5B	Tcm/Naive helper T cells	mild_vs_severe	0.3192508518179085	0.9991246290801534	0.2248890363372613	UP	Nerve_guidance	False
VEGFA	Tcm/Naive helper T cells	mild_vs_severe	1.342650698411996	0.9991246290801534	3.378557249822645	UP	Neovascularization	False
VEGFB	Tcm/Naive helper T cells	mild_vs_severe	0.0080628105338223	0.9991246290801534	6.087573885153485	UP	Neovascularization	False
ANGPT1	Tem/Trm cytotoxic T cells	mild_vs_severe	0.241059190903669	0.9999750783736896	0.0746076530638674	UP	Neovascularization	False
ANGPT2	Tem/Trm cytotoxic T cells	mild_vs_severe	-0.1523444369400819	0.9999750783736896	0.8643344066653685	DOWN	Neovascularization	False
CCL2	Tem/Trm cytotoxic T cells	mild_vs_severe	3.1872533759976767	0.9999750783736896	0.7526061060846571	UP	Inflammatory_pain	False
CXCL8	Tem/Trm cytotoxic T cells	mild_vs_severe	0.4789021764703957	0.9999750783736896	22.954688581696683	UP	Inflammatory_pain	False
FGF2	Tem/Trm cytotoxic T cells	mild_vs_severe	2.879922321560521	0.9999750783736896	0.8894060875984958	UP	Neovascularization	False
FLT1	Tem/Trm cytotoxic T cells	mild_vs_severe	-1.9381294906300368	0.9999750783736896	0.5859534451786292	DOWN	Neovascularization	False
NGFR	Tem/Trm cytotoxic T cells	mild_vs_severe	-0.7744288851188494	0.9999750783736896	4.163036089975103	DOWN	Neurotrophin_receptors; Neurotrophin_signaling	False
NRP2	Tem/Trm cytotoxic T cells	mild_vs_severe	1.962899711199555	0.9999750783736896	0.2267046607695468	UP	Nerve_guidance	False
P2RX4	Tem/Trm cytotoxic T cells	mild_vs_severe	-1.0469479677996574	0.9999750783736896	0.7916657730755281	DOWN	Nociception_ion_channels	False
P2RX7	Tem/Trm cytotoxic T cells	mild_vs_severe	1.5634175928429948	0.9999750783736896	1.6585366914988957	UP	Nociception_ion_channels	False
PDGFA	Tem/Trm cytotoxic T cells	mild_vs_severe	3.273665383197394	0.9999750783736896	2.997070471127875	UP	Neovascularization	False
PLA2G2A	Tem/Trm cytotoxic T cells	mild_vs_severe	2.0329328790947168	0.9999750783736896	2.013701102004733	UP	Inflammatory_pain	False
PTGES	Tem/Trm cytotoxic T cells	mild_vs_severe	0.241059190903669	0.9999750783736896	0.0746076530638674	UP	Inflammatory_pain	False
PTGS2	Tem/Trm cytotoxic T cells	mild_vs_severe	0.4657959160626368	0.9999750783736896	3.285967920985562	UP	Inflammatory_pain	False
ROBO2	Tem/Trm cytotoxic T cells	mild_vs_severe	0.2799480404339489	0.9999750783736896	0.0551289726494704	UP	Nerve_guidance	False
SEMA3A	Tem/Trm cytotoxic T cells	mild_vs_severe	2.9600884932978144	0.9999750783736896	0.4534093215390937	UP	Nerve_guidance	False
SLIT3	Tem/Trm cytotoxic T cells	mild_vs_severe	0.241059190903669	0.9999750783736896	0.0746076530638674	UP	Nerve_guidance	False
TNF	Tem/Trm cytotoxic T cells	mild_vs_severe	-0.377085841127749	0.9999750783736896	25.58440803795065	DOWN	Inflammatory_pain	False
TRPV1	Tem/Trm cytotoxic T cells	mild_vs_severe	-1.3722995067649313	0.9999750783736896	0.4518647626055762	DOWN	Nociception_ion_channels	False
UNC5B	Tem/Trm cytotoxic T cells	mild_vs_severe	-0.9472927326265592	0.9999750783736896	0.3005400343666555	DOWN	Nerve_guidance	False
VEGFA	Tem/Trm cytotoxic T cells	mild_vs_severe	-0.977992696934797	0.9999750783736896	3.0543079392453154	DOWN	Neovascularization	False
VEGFB	Tem/Trm cytotoxic T cells	mild_vs_severe	0.8963668987249863	0.9999750783736896	4.801860557206685	UP	Neovascularization	False
ANGPT1	NP_mature_chondrocyte	healthy_vs_degenerated_all	0.5056554058127283	0.9992875552976604	71.06116582632696	UP	Neovascularization	False
ANGPT2	NP_mature_chondrocyte	healthy_vs_degenerated_all	0.3070705405346511	0.9992875552976604	68.6478875395899	UP	Neovascularization	False
BDKRB2	NP_mature_chondrocyte	healthy_vs_degenerated_all	0.7187123348930532	0.9992875552976604	35.58873830183389	UP	Inflammatory_pain	False
CCL2	NP_mature_chondrocyte	healthy_vs_degenerated_all	0.8216322636982639	0.9992875552976604	314.6024189164832	UP	Inflammatory_pain	False
CXCL8	NP_mature_chondrocyte	healthy_vs_degenerated_all	-0.4350187638331034	0.9992875552976604	667.3436890914588	DOWN	Inflammatory_pain	False
FGF2	NP_mature_chondrocyte	healthy_vs_degenerated_all	-0.197213370905704	0.9992875552976604	4415.711967043978	DOWN	Neovascularization	False
FLT1	NP_mature_chondrocyte	healthy_vs_degenerated_all	0.2442265822994624	0.9992875552976604	849.0034717852237	UP	Neovascularization	False
GAL	NP_mature_chondrocyte	healthy_vs_degenerated_all	0.6739245782042955	0.9992875552976604	17.68967640770415	UP	Neuropeptides	False
NGF	NP_mature_chondrocyte	healthy_vs_degenerated_all	1.14774014912682	0.9992875552976604	801.2475388874228	UP	Neuropeptides; Neurotrophin_signaling	False
NGFR	NP_mature_chondrocyte	healthy_vs_degenerated_all	0.000635738052043	0.9998983994996536	38.841833784959405	UP	Neurotrophin_receptors; Neurotrophin_signaling	False
NRP2	NP_mature_chondrocyte	healthy_vs_degenerated_all	0.5182199405557186	0.9992875552976604	2861.176182355844	UP	Nerve_guidance	False
NTN1	NP_mature_chondrocyte	healthy_vs_degenerated_all	-0.2073906369282311	0.9992875552976604	93.28989039962796	DOWN	Nerve_guidance	False
NTN4	NP_mature_chondrocyte	healthy_vs_degenerated_all	-0.1792801261067692	0.9992875552976604	130.16206652836286	DOWN	Nerve_guidance	False
NTRK2	NP_mature_chondrocyte	healthy_vs_degenerated_all	-1.2001480079066045	0.9992875552976604	606.178613198962	DOWN	Neurotrophin_receptors; Neurotrophin_signaling	False
P2RX4	NP_mature_chondrocyte	healthy_vs_degenerated_all	-0.0967272541098833	0.9992875552976604	133.41532563592335	DOWN	Nociception_ion_channels	False
P2RX7	NP_mature_chondrocyte	healthy_vs_degenerated_all	-0.6438694677729541	0.9992875552976604	13.38475093748804	DOWN	Nociception_ion_channels	False
PDGFA	NP_mature_chondrocyte	healthy_vs_degenerated_all	0.9658103324306508	0.9992875552976604	488.8207267679836	UP	Neovascularization	False
PLA2G2A	NP_mature_chondrocyte	healthy_vs_degenerated_all	-0.2654707742380222	0.9992875552976604	11562.186421052498	DOWN	Inflammatory_pain	False
PTGES	NP_mature_chondrocyte	healthy_vs_degenerated_all	3.01672574800338	0.9992875552976604	879.115868932666	UP	Inflammatory_pain	False
PTGS2	NP_mature_chondrocyte	healthy_vs_degenerated_all	0.7618022066070057	0.9992875552976604	6530.100094229169	UP	Inflammatory_pain	False
ROBO1	NP_mature_chondrocyte	healthy_vs_degenerated_all	0.4901633586884518	0.9992875552976604	177.59646686517289	UP	Nerve_guidance	False
ROBO2	NP_mature_chondrocyte	healthy_vs_degenerated_all	-0.2027863160576061	0.9992875552976604	66.05619646586307	DOWN	Nerve_guidance	False
SEMA3A	NP_mature_chondrocyte	healthy_vs_degenerated_all	0.2093043498798441	0.9992875552976604	1431.801254744387	UP	Nerve_guidance	False
SEMA3E	NP_mature_chondrocyte	healthy_vs_degenerated_all	-0.9444440621899406	0.9992875552976604	1051.0444452421225	DOWN	Nerve_guidance	False
SLIT3	NP_mature_chondrocyte	healthy_vs_degenerated_all	1.4266647562183854	0.9992875552976604	28.51749606455614	UP	Nerve_guidance	False
TNF	NP_mature_chondrocyte	healthy_vs_degenerated_all	0.1657869336803269	0.9992875552976604	34.46405811695439	UP	Inflammatory_pain	False
TRPV1	NP_mature_chondrocyte	healthy_vs_degenerated_all	0.2795253289527725	0.9992875552976604	36.83139300955143	UP	Nociception_ion_channels	False
TRPV4	NP_mature_chondrocyte	healthy_vs_degenerated_all	0.3568394151789089	0.9992875552976604	1253.4737974692218	UP	Nociception_ion_channels	False
UNC5B	NP_mature_chondrocyte	healthy_vs_degenerated_all	0.2251706129988041	0.9992875552976604	436.2696910788074	UP	Nerve_guidance	False
VEGFA	NP_mature_chondrocyte	healthy_vs_degenerated_all	0.611784662099437	0.9992875552976604	5023.190535026667	UP	Neovascularization	False
VEGFB	NP_mature_chondrocyte	healthy_vs_degenerated_all	-0.499098184990052	0.9992875552976604	910.8378622229382	DOWN	Neovascularization	False
ANGPT1	NP_mature_chondrocyte	healthy_vs_degenerated_mild	0.7842999585602665	0.99993150944305	144.17138647864107	UP	Neovascularization	False
ANGPT2	NP_mature_chondrocyte	healthy_vs_degenerated_mild	-0.08399465226415	0.99993150944305	123.34735266018372	DOWN	Neovascularization	False
BDKRB2	NP_mature_chondrocyte	healthy_vs_degenerated_mild	0.9329332558243276	0.99993150944305	63.06395030682548	UP	Inflammatory_pain	False
CCL2	NP_mature_chondrocyte	healthy_vs_degenerated_mild	0.7398671159551539	0.99993150944305	612.9795740656101	UP	Inflammatory_pain	False
CXCL8	NP_mature_chondrocyte	healthy_vs_degenerated_mild	-1.1630725926342615	0.99993150944305	667.6733648699544	DOWN	Inflammatory_pain	False
FGF2	NP_mature_chondrocyte	healthy_vs_degenerated_mild	-0.3888032420757949	0.99993150944305	6396.376329735816	DOWN	Neovascularization	False
FLT1	NP_mature_chondrocyte	healthy_vs_degenerated_mild	0.0677730670353612	0.99993150944305	1080.6971098242968	UP	Neovascularization	False
GAL	NP_mature_chondrocyte	healthy_vs_degenerated_mild	-0.6231838194092356	0.99993150944305	24.26549795399477	DOWN	Neuropeptides	False
NGF	NP_mature_chondrocyte	healthy_vs_degenerated_mild	0.4136231535909319	0.99993150944305	710.0582069753699	UP	Neuropeptides; Neurotrophin_signaling	False
NGFR	NP_mature_chondrocyte	healthy_vs_degenerated_mild	-0.0148713487629099	0.99993150944305	65.13603570361566	DOWN	Neurotrophin_receptors; Neurotrophin_signaling	False
NRP2	NP_mature_chondrocyte	healthy_vs_degenerated_mild	0.4791031880038737	0.99993150944305	4048.706096930615	UP	Nerve_guidance	False
NTN1	NP_mature_chondrocyte	healthy_vs_degenerated_mild	-0.131768292889049	0.99993150944305	117.11797269945608	DOWN	Nerve_guidance	False
NTN4	NP_mature_chondrocyte	healthy_vs_degenerated_mild	-0.241268613365563	0.99993150944305	194.5177691930217	DOWN	Nerve_guidance	False
NTRK2	NP_mature_chondrocyte	healthy_vs_degenerated_mild	-1.4197296593492483	0.99993150944305	1031.7857115440809	DOWN	Neurotrophin_receptors; Neurotrophin_signaling	False
P2RX4	NP_mature_chondrocyte	healthy_vs_degenerated_mild	-0.063050621853849	0.99993150944305	246.3007202263105	DOWN	Nociception_ion_channels	False
P2RX7	NP_mature_chondrocyte	healthy_vs_degenerated_mild	-0.2362705258444793	0.99993150944305	26.77298173725001	DOWN	Nociception_ion_channels	False
PDGFA	NP_mature_chondrocyte	healthy_vs_degenerated_mild	0.62615567802602	0.99993150944305	662.8455253909273	UP	Neovascularization	False
PLA2G2A	NP_mature_chondrocyte	healthy_vs_degenerated_mild	-2.371990367289501	0.99993150944305	14977.980076127422	DOWN	Inflammatory_pain	False
PTGES	NP_mature_chondrocyte	healthy_vs_degenerated_mild	1.9593969261035848	0.99993150944305	262.2239821106224	UP	Inflammatory_pain	False
PTGS2	NP_mature_chondrocyte	healthy_vs_degenerated_mild	0.2702969029665613	0.99993150944305	5837.167690150741	UP	Inflammatory_pain	False
ROBO1	NP_mature_chondrocyte	healthy_vs_degenerated_mild	0.4734815220605663	0.99993150944305	256.1208143758101	UP	Nerve_guidance	False
ROBO2	NP_mature_chondrocyte	healthy_vs_degenerated_mild	-0.1837443691127683	0.99993150944305	122.04392244737974	DOWN	Nerve_guidance	False
SEMA3A	NP_mature_chondrocyte	healthy_vs_degenerated_mild	0.1529758309855567	0.99993150944305	1693.3277463026484	UP	Nerve_guidance	False
SEMA3E	NP_mature_chondrocyte	healthy_vs_degenerated_mild	-0.6949663251425701	0.99993150944305	1934.127254245206	DOWN	Nerve_guidance	False
SLIT3	NP_mature_chondrocyte	healthy_vs_degenerated_mild	1.4626003555421023	0.99993150944305	54.13453192837933	UP	Nerve_guidance	False
TNF	NP_mature_chondrocyte	healthy_vs_degenerated_mild	-0.9729720963930096	0.99993150944305	36.25289104309047	DOWN	Inflammatory_pain	False
TRPV1	NP_mature_chondrocyte	healthy_vs_degenerated_mild	0.0762617865223831	0.99993150944305	53.85405899949925	UP	Nociception_ion_channels	False
TRPV4	NP_mature_chondrocyte	healthy_vs_degenerated_mild	0.2534155666066517	0.99993150944305	1368.406770316052	UP	Nociception_ion_channels	False
UNC5B	NP_mature_chondrocyte	healthy_vs_degenerated_mild	0.3445777967735692	0.99993150944305	629.3037359039744	UP	Nerve_guidance	False
VEGFA	NP_mature_chondrocyte	healthy_vs_degenerated_mild	0.0799546471037315	0.99993150944305	5255.133683001755	UP	Neovascularization	False
VEGFB	NP_mature_chondrocyte	healthy_vs_degenerated_mild	-0.8132437852056073	0.99993150944305	1494.4669781455052	DOWN	Neovascularization	False
ANGPT1	NP_mature_chondrocyte	healthy_vs_degenerated_severe	-0.0435368682102043	0.9999637507915828	79.9565443524856	DOWN	Neovascularization	False
ANGPT2	NP_mature_chondrocyte	healthy_vs_degenerated_severe	0.7842345358723364	0.9999637507915828	96.13968214557056	UP	Neovascularization	False
BDKRB2	NP_mature_chondrocyte	healthy_vs_degenerated_severe	0.3161157390781342	0.9999637507915828	36.88822668909224	UP	Inflammatory_pain	False
CCL2	NP_mature_chondrocyte	healthy_vs_degenerated_severe	0.9610184600607372	0.9999637507915828	422.6174309941022	UP	Inflammatory_pain	False
CXCL8	NP_mature_chondrocyte	healthy_vs_degenerated_severe	0.2475855449566764	0.9999637507915828	791.6755875012358	UP	Inflammatory_pain	False
FGF2	NP_mature_chondrocyte	healthy_vs_degenerated_severe	0.0647788882647446	0.9999637507915828	4257.8681793614605	UP	Neovascularization	False
FLT1	NP_mature_chondrocyte	healthy_vs_degenerated_severe	0.4943077575939539	0.9999637507915828	772.7927418106732	UP	Neovascularization	False
GAL	NP_mature_chondrocyte	healthy_vs_degenerated_severe	1.7130014766018884	0.9999637507915828	22.30326283612944	UP	Neuropeptides	False
NGF	NP_mature_chondrocyte	healthy_vs_degenerated_severe	1.837214316249853	0.9999637507915828	608.2885907468186	UP	Neuropeptides; Neurotrophin_signaling	False
NGFR	NP_mature_chondrocyte	healthy_vs_degenerated_severe	0.0386465277433487	0.9999637507915828	43.75141443775024	UP	Neurotrophin_receptors; Neurotrophin_signaling	False
NRP2	NP_mature_chondrocyte	healthy_vs_degenerated_severe	0.5970605753669089	0.9999637507915828	2695.8820799401205	UP	Nerve_guidance	False
NTN1	NP_mature_chondrocyte	healthy_vs_degenerated_severe	-0.3162051516237044	0.9999637507915828	75.96621503649406	DOWN	Nerve_guidance	False
NTN4	NP_mature_chondrocyte	healthy_vs_degenerated_severe	-0.0719109262200104	0.9999637507915828	130.63180086193543	DOWN	Nerve_guidance	False
NTRK2	NP_mature_chondrocyte	healthy_vs_degenerated_severe	-0.8999284912314695	0.9999637507915828	649.103275492556	DOWN	Neurotrophin_receptors; Neurotrophin_signaling	False
P2RX4	NP_mature_chondrocyte	healthy_vs_degenerated_severe	-0.1271536167946629	0.9999637507915828	160.29210128063585	DOWN	Nociception_ion_channels	False
P2RX7	NP_mature_chondrocyte	healthy_vs_degenerated_severe	-1.7652440088186032	0.9999637507915828	13.938623707981863	DOWN	Nociception_ion_channels	False
PDGFA	NP_mature_chondrocyte	healthy_vs_degenerated_severe	1.3781851219205952	0.9999637507915828	506.7329706329953	UP	Neovascularization	False
PLA2G2A	NP_mature_chondrocyte	healthy_vs_degenerated_severe	0.8423417280081383	0.9999637507915828	13198.096975344388	UP	Inflammatory_pain	False
PTGES	NP_mature_chondrocyte	healthy_vs_degenerated_severe	3.8579066369906143	0.0583187152501981	291.9098318662428	UP	Inflammatory_pain	False
PTGS2	NP_mature_chondrocyte	healthy_vs_degenerated_severe	1.296163820246488	0.9999637507915828	5825.358731416704	UP	Inflammatory_pain	False
ROBO1	NP_mature_chondrocyte	healthy_vs_degenerated_severe	0.5397356359018686	0.9999637507915828	167.15479744624275	UP	Nerve_guidance	False
ROBO2	NP_mature_chondrocyte	healthy_vs_degenerated_severe	-0.2252363447668734	0.9999637507915828	90.51959518191892	DOWN	Nerve_guidance	False
SEMA3A	NP_mature_chondrocyte	healthy_vs_degenerated_severe	0.3115744860797092	0.9999637507915828	980.5884588176864	UP	Nerve_guidance	False
SEMA3E	NP_mature_chondrocyte	healthy_vs_degenerated_severe	-1.4088629164747093	0.4463151013268567	1081.5939891014405	DOWN	Nerve_guidance	False
SLIT3	NP_mature_chondrocyte	healthy_vs_degenerated_severe	1.376812705201936	0.9999637507915828	37.25854671813138	UP	Nerve_guidance	False
TNF	NP_mature_chondrocyte	healthy_vs_degenerated_severe	1.0581971492264977	0.9999637507915828	46.38252621584012	UP	Inflammatory_pain	False
TRPV1	NP_mature_chondrocyte	healthy_vs_degenerated_severe	0.6035234341282966	0.9999637507915828	42.32170719453448	UP	Nociception_ion_channels	False
TRPV4	NP_mature_chondrocyte	healthy_vs_degenerated_severe	0.5213775210951209	0.9999637507915828	888.1748379687273	UP	Nociception_ion_channels	False
UNC5B	NP_mature_chondrocyte	healthy_vs_degenerated_severe	0.0488039252432695	0.9999637507915828	404.70305682684415	UP	Nerve_guidance	False
VEGFA	NP_mature_chondrocyte	healthy_vs_degenerated_severe	1.172955373986443	0.9999637507915828	4168.202143590485	UP	Neovascularization	False
VEGFB	NP_mature_chondrocyte	healthy_vs_degenerated_severe	-0.1114490403201188	0.9999637507915828	1156.5398948685922	DOWN	Neovascularization	False
ANGPT1	NP_mature_chondrocyte	mild_vs_severe	-1.0779348583831017	0.7086722617775268	49.55425435625603	DOWN	Neovascularization	False
ANGPT2	NP_mature_chondrocyte	mild_vs_severe	0.8381760299505217	0.9252318962907076	36.03070637712106	UP	Neovascularization	False
BDKRB2	NP_mature_chondrocyte	mild_vs_severe	-0.8607169296780061	0.9991568711835386	24.691753076139708	DOWN	Inflammatory_pain	False
CCL2	NP_mature_chondrocyte	mild_vs_severe	-0.1510210787749057	0.9991568711835386	181.00518081403655	DOWN	Inflammatory_pain	False
CXCL8	NP_mature_chondrocyte	mild_vs_severe	1.971735547686282	0.9189166743153658	831.9401910105438	UP	Inflammatory_pain	False
FGF2	NP_mature_chondrocyte	mild_vs_severe	0.2147705149099443	0.9991568711835386	3190.828170529476	UP	Neovascularization	False
FLT1	NP_mature_chondrocyte	mild_vs_severe	0.5624674756584437	0.8566438109874512	996.7636248185278	UP	Neovascularization	False
GAL	NP_mature_chondrocyte	mild_vs_severe	2.112544134961964	0.1841795797225135	12.731079986383453	UP	Neuropeptides	False
NGF	NP_mature_chondrocyte	mild_vs_severe	0.7981542155084387	0.9991568711835386	898.6599868516183	UP	Neuropeptides; Neurotrophin_signaling	False
NGFR	NP_mature_chondrocyte	mild_vs_severe	-0.0973866193446197	0.9991568711835386	15.319623939555497	DOWN	Neurotrophin_receptors; Neurotrophin_signaling	False
NRP2	NP_mature_chondrocyte	mild_vs_severe	0.2216281035302302	0.9991568711835386	2652.7525203885134	UP	Nerve_guidance	False
NTN1	NP_mature_chondrocyte	mild_vs_severe	0.1195134413566279	0.9991568711835386	73.13074205151469	UP	Nerve_guidance	False
NTN4	NP_mature_chondrocyte	mild_vs_severe	0.0317874752581432	0.9991568711835386	78.73807356169027	UP	Nerve_guidance	False
NTRK2	NP_mature_chondrocyte	mild_vs_severe	0.2995755077935649	0.9991568711835386	609.0510219428503	UP	Neurotrophin_receptors; Neurotrophin_signaling	False
P2RX4	NP_mature_chondrocyte	mild_vs_severe	-0.1699119276316049	0.9991568711835386	90.7968895236924	DOWN	Nociception_ion_channels	False
P2RX7	NP_mature_chondrocyte	mild_vs_severe	-1.558170809058088	0.8723325957399637	9.134745531847718	DOWN	Nociception_ion_channels	False
PDGFA	NP_mature_chondrocyte	mild_vs_severe	0.7028875063482107	0.950619242803714	361.2239056779913	UP	Neovascularization	False
PLA2G2A	NP_mature_chondrocyte	mild_vs_severe	2.155355964716994	0.6425323289312993	11622.22481407826	UP	Inflammatory_pain	False
PTGES	NP_mature_chondrocyte	mild_vs_severe	1.0659762233660894	0.9991568711835386	321.08326108933124	UP	Inflammatory_pain	False
PTGS2	NP_mature_chondrocyte	mild_vs_severe	1.2365216175050389	0.6257618800576831	7880.154664353039	UP	Inflammatory_pain	False
ROBO1	NP_mature_chondrocyte	mild_vs_severe	0.2217613991753371	0.9991568711835386	192.56011328163012	UP	Nerve_guidance	False
ROBO2	NP_mature_chondrocyte	mild_vs_severe	0.2545811540027981	0.9991568711835386	38.24854516813805	UP	Nerve_guidance	False
SEMA3A	NP_mature_chondrocyte	mild_vs_severe	0.0179203443343285	0.9991568711835386	1438.2474180995646	UP	Nerve_guidance	False
SEMA3E	NP_mature_chondrocyte	mild_vs_severe	-0.7763593307978335	0.6111386702894863	875.6851720357415	DOWN	Nerve_guidance	False
SLIT3	NP_mature_chondrocyte	mild_vs_severe	-0.0759973617263123	0.9991568711835386	15.71563902195733	DOWN	Nerve_guidance	False
TNF	NP_mature_chondrocyte	mild_vs_severe	2.447664953725071	0.0428921152089998	34.66588024232753	UP	Inflammatory_pain	True
TRPV1	NP_mature_chondrocyte	mild_vs_severe	0.5924884425169606	0.9883265831906654	26.840199149841887	UP	Nociception_ion_channels	False
TRPV4	NP_mature_chondrocyte	mild_vs_severe	-0.1205931040329186	0.9991568711835386	867.3830493978954	DOWN	Nociception_ion_channels	False
UNC5B	NP_mature_chondrocyte	mild_vs_severe	-0.1530010704184005	0.9991568711835386	307.5898085671024	DOWN	Nerve_guidance	False
VEGFA	NP_mature_chondrocyte	mild_vs_severe	0.7472680832134522	0.9792117302171768	4127.427394197328	UP	Neovascularization	False
VEGFB	NP_mature_chondrocyte	mild_vs_severe	0.4507847067050764	0.987659477757459	464.1889670489306	UP	Neovascularization	False
ANGPT1	NP_stressed_degenerative	mild_vs_severe	-1.049503695227927	0.7818543670470555	15.62452021599327	DOWN	Neovascularization	False
ANGPT2	NP_stressed_degenerative	mild_vs_severe	0.2972554710677877		1.345734217924176	UP	Neovascularization	False
BDKRB2	NP_stressed_degenerative	mild_vs_severe	-0.267724453537572		0.2312824181594058	DOWN	Inflammatory_pain	False
CCL2	NP_stressed_degenerative	mild_vs_severe	2.6747327871557816	0.1614930581998029	300.521109412833	UP	Inflammatory_pain	False
CXCL8	NP_stressed_degenerative	mild_vs_severe	0.5330292413230631	0.9199551783178218	44199.74975440579	UP	Inflammatory_pain	False
FGF2	NP_stressed_degenerative	mild_vs_severe	1.2475584252147844		5.374093391336	UP	Neovascularization	False
FLT1	NP_stressed_degenerative	mild_vs_severe	1.3092300491647535	0.2771107012307804	89.24188515645629	UP	Neovascularization	False
NGF	NP_stressed_degenerative	mild_vs_severe	1.1582524607880949		1.2943969696538236	UP	Neuropeptides; Neurotrophin_signaling	False
NGFR	NP_stressed_degenerative	mild_vs_severe	-1.6575954115130458		0.3742690600946698	DOWN	Neurotrophin_receptors; Neurotrophin_signaling	False
NRP2	NP_stressed_degenerative	mild_vs_severe	2.732816196452073	0.0955015329988885	105.70627270084492	UP	Nerve_guidance	False
NTN1	NP_stressed_degenerative	mild_vs_severe	1.6602442896866807		0.482097191586636	UP	Nerve_guidance	False
NTN4	NP_stressed_degenerative	mild_vs_severe	1.865384796586434		0.4529767672088177	UP	Nerve_guidance	False
NTRK2	NP_stressed_degenerative	mild_vs_severe	3.107351251642477		1.3049719749923074	UP	Neurotrophin_receptors; Neurotrophin_signaling	False
P2RX4	NP_stressed_degenerative	mild_vs_severe	0.6055120623131993	0.9436412991514022	22.274139602205867	UP	Nociception_ion_channels	False
P2RX7	NP_stressed_degenerative	mild_vs_severe	0.8188331545080443	0.6715266473955716	28.75839744721408	UP	Nociception_ion_channels	False
PDGFA	NP_stressed_degenerative	mild_vs_severe	-0.2473271980368933		6.6926948511809545	DOWN	Neovascularization	False
PLA2G2A	NP_stressed_degenerative	mild_vs_severe	1.8192261019352736	0.6113223969911646	28.07949994261146	UP	Inflammatory_pain	False
PTGES	NP_stressed_degenerative	mild_vs_severe	0.906955828485792	0.714178627479904	34.77375743391566	UP	Inflammatory_pain	False
PTGS2	NP_stressed_degenerative	mild_vs_severe	0.5529321702162283	0.8603920894561461	3278.72718810228	UP	Inflammatory_pain	False
ROBO1	NP_stressed_degenerative	mild_vs_severe	1.0480360595263425		2.6528574925770143	UP	Nerve_guidance	False
SEMA3A	NP_stressed_degenerative	mild_vs_severe	2.8106868637665228		2.4409459082576053	UP	Nerve_guidance	False
SEMA3E	NP_stressed_degenerative	mild_vs_severe	2.332514456725491		2.3830357329997645	UP	Nerve_guidance	False
SLIT3	NP_stressed_degenerative	mild_vs_severe	-2.0972768945331124		2.061456375967902	DOWN	Nerve_guidance	False
TNF	NP_stressed_degenerative	mild_vs_severe	2.645879285713154	9.281041151032286e-07	1014.8565173872156	UP	Inflammatory_pain	True
TRPV1	NP_stressed_degenerative	mild_vs_severe	0.0536050265209283		0.7885928818329128	UP	Nociception_ion_channels	False
TRPV4	NP_stressed_degenerative	mild_vs_severe	-0.6241171230166999		4.91146798496484	DOWN	Nociception_ion_channels	False
UNC5B	NP_stressed_degenerative	mild_vs_severe	0.2974479980513114		7.216238023869395	UP	Nerve_guidance	False
VEGFA	NP_stressed_degenerative	mild_vs_severe	1.021444818220024	0.4046755060164887	506.44267095158153	UP	Neovascularization	False
VEGFB	NP_stressed_degenerative	mild_vs_severe	0.0079846025338156	0.9996861306029614	23.410783381478623	UP	Neovascularization	False
ANGPT1	NP_notochordal	mild_vs_severe	-0.9203607004796084	0.9709954380209856	1.2843206880681028	DOWN	Neovascularization	False
ANGPT2	NP_notochordal	mild_vs_severe	0.1110877599784081	0.9900227052967392	7.041866855648275	UP	Neovascularization	False
BDKRB2	NP_notochordal	mild_vs_severe	1.032664244077517	0.988131330970032	0.0193677358187426	UP	Inflammatory_pain	False
CCL2	NP_notochordal	mild_vs_severe	2.2009849639444994	0.9735623750812858	0.2384748188298028	UP	Inflammatory_pain	False
CXCL8	NP_notochordal	mild_vs_severe	0.2195829887071283	0.988131330970032	1288.597539762954	UP	Inflammatory_pain	False
FGF2	NP_notochordal	mild_vs_severe	0.8314600337224688	0.9196046020242932	10.075625001497766	UP	Neovascularization	False
FLT1	NP_notochordal	mild_vs_severe	0.260279699829145	0.9900227052967392	2.055180495929417	UP	Neovascularization	False
GAL	NP_notochordal	mild_vs_severe	-1.880906394825708	0.942600991368738	4.00345924915622	DOWN	Neuropeptides	False
NGF	NP_notochordal	mild_vs_severe	1.361946340205722	0.970119075304877	1.5469723207587591	UP	Neuropeptides; Neurotrophin_signaling	False
NGFR	NP_notochordal	mild_vs_severe	0.5499196501503455	0.9900227052967392	0.2365798938946003	UP	Neurotrophin_receptors; Neurotrophin_signaling	False
NRP2	NP_notochordal	mild_vs_severe	2.69825254864602	0.6247216147718107	3.3005184975098363	UP	Nerve_guidance	False
NTN1	NP_notochordal	mild_vs_severe	-0.9023967845884698	0.988131330970032	0.2844409747708434	DOWN	Nerve_guidance	False
NTN4	NP_notochordal	mild_vs_severe	3.502337463888342	0.9586026861434128	0.4713711960376615	UP	Nerve_guidance	False
NTRK2	NP_notochordal	mild_vs_severe	1.5077762194023798	0.9735623750812858	0.478024069444587	UP	Neurotrophin_receptors; Neurotrophin_signaling	False
P2RX4	NP_notochordal	mild_vs_severe	-0.6936345706119244	0.970119075304877	6.811585723918292	DOWN	Nociception_ion_channels	False
P2RX7	NP_notochordal	mild_vs_severe	1.4459407052128206	0.9486351521388664	1.795899371936973	UP	Nociception_ion_channels	False
PDGFA	NP_notochordal	mild_vs_severe	1.6962434927626584	0.9359157424517096	2.433072561956261	UP	Neovascularization	False
PLA2G2A	NP_notochordal	mild_vs_severe	-0.0272398483858281	0.9982123320113044	27.82292916481808	DOWN	Inflammatory_pain	False
PTGES	NP_notochordal	mild_vs_severe	0.1281859194776093	0.9900227052967392	61.287615572703416	UP	Inflammatory_pain	False
PTGS2	NP_notochordal	mild_vs_severe	0.3027976429971275	0.98608935007315	302.5719539647286	UP	Inflammatory_pain	False
ROBO1	NP_notochordal	mild_vs_severe	0.9163754531461346	0.988055081191848	0.4334496493700713	UP	Nerve_guidance	False
SEMA3A	NP_notochordal	mild_vs_severe	0.0035634890151295	0.9997688069447798	3.1362645085970517	UP	Nerve_guidance	False
SEMA3E	NP_notochordal	mild_vs_severe	1.234962709529	0.9709954380209856	1.288472355267845	UP	Nerve_guidance	False
SLIT3	NP_notochordal	mild_vs_severe	-0.7573618592953743	0.9872368414846914	1.2024221989531558	DOWN	Nerve_guidance	False
TNF	NP_notochordal	mild_vs_severe	2.195200476266228	0.390309069842685	18.456849573173173	UP	Inflammatory_pain	False
TRPV1	NP_notochordal	mild_vs_severe	-1.626528525979577	0.7748044032786209	5.342506447448848	DOWN	Nociception_ion_channels	False
TRPV4	NP_notochordal	mild_vs_severe	-1.3532988361759426	0.9735623750812858	1.1539482917220751	DOWN	Nociception_ion_channels	False
UNC5B	NP_notochordal	mild_vs_severe	0.6244089888593517	0.978108709285464	1.915263531891008	UP	Nerve_guidance	False
VEGFA	NP_notochordal	mild_vs_severe	0.8333117338074423	0.6656139697584605	239.08828208869963	UP	Neovascularization	False
VEGFB	NP_notochordal	mild_vs_severe	0.3160859850454389	0.9709954380209856	24.48923647511937	UP	Neovascularization	False
ANGPT1	AF_outer	healthy_vs_degenerated_all	-0.2382001844831369	0.8261687768021574	338.47874877707653	DOWN	Neovascularization	False
ANGPT2	AF_outer	healthy_vs_degenerated_all	0.7164266231775739	0.2650014459480014	103.2830941183681	UP	Neovascularization	False
BDKRB2	AF_outer	healthy_vs_degenerated_all	0.2431685509493577	0.8065864181523943	121.71982179012076	UP	Inflammatory_pain	False
CCL2	AF_outer	healthy_vs_degenerated_all	-0.7339767752449989	0.4123652642449701	1502.2966229137342	DOWN	Inflammatory_pain	False
CXCL8	AF_outer	healthy_vs_degenerated_all	-2.191689797858567	0.0319087525708312	2602.919949867452	DOWN	Inflammatory_pain	True
FGF2	AF_outer	healthy_vs_degenerated_all	0.3736866299842701	0.6464511094723111	2366.5293560410446	UP	Neovascularization	False
FLT1	AF_outer	healthy_vs_degenerated_all	-0.1393457977514831	0.9341846021091016	264.9677849258417	DOWN	Neovascularization	False
GAL	AF_outer	healthy_vs_degenerated_all	0.4645464512833635		12.422181683341522	UP	Neuropeptides	False
NGF	AF_outer	healthy_vs_degenerated_all	0.2200951174137145	0.8236320440568042	293.9727060901212	UP	Neuropeptides; Neurotrophin_signaling	False
NGFR	AF_outer	healthy_vs_degenerated_all	0.2323348346578099	0.905175496637915	82.21201844357573	UP	Neurotrophin_receptors; Neurotrophin_signaling	False
NRP2	AF_outer	healthy_vs_degenerated_all	0.4158541481242803	0.4208155395542108	1985.517105669912	UP	Nerve_guidance	False
NTN1	AF_outer	healthy_vs_degenerated_all	0.8281443121575071	0.5055994506883268	118.20857596917487	UP	Nerve_guidance	False
NTN4	AF_outer	healthy_vs_degenerated_all	0.437480551865227	0.5133229232424813	666.7271969787927	UP	Nerve_guidance	False
NTRK2	AF_outer	healthy_vs_degenerated_all	0.8054673032571827	0.4834535673987834	541.1126804942484	UP	Neurotrophin_receptors; Neurotrophin_signaling	False
P2RX4	AF_outer	healthy_vs_degenerated_all	-0.4598485470061748	0.3561590012404322	240.1856834330599	DOWN	Nociception_ion_channels	False
P2RX7	AF_outer	healthy_vs_degenerated_all	-0.1714789367779522		34.70016722710062	DOWN	Nociception_ion_channels	False
PDGFA	AF_outer	healthy_vs_degenerated_all	0.8228935037092397	0.1667286860060614	403.0287123289656	UP	Neovascularization	False
PTGES	AF_outer	healthy_vs_degenerated_all	0.3420337904429211	0.7559514107229646	456.4121039947375	UP	Inflammatory_pain	False
PTGS2	AF_outer	healthy_vs_degenerated_all	0.4063935589751993	0.6733306721833995	3046.1051837134314	UP	Inflammatory_pain	False
ROBO1	AF_outer	healthy_vs_degenerated_all	0.4388464331203481	0.5145205485381746	260.10291217668794	UP	Nerve_guidance	False
ROBO2	AF_outer	healthy_vs_degenerated_all	-0.5257782546955554	0.5210082191424903	138.13060099039782	DOWN	Nerve_guidance	False
SEMA3A	AF_outer	healthy_vs_degenerated_all	-0.4050260444857447	0.6638297275168524	1024.899279085778	DOWN	Nerve_guidance	False
SEMA3E	AF_outer	healthy_vs_degenerated_all	-0.1251160891728221	0.8700589018306636	523.4259257625397	DOWN	Nerve_guidance	False
SLIT3	AF_outer	healthy_vs_degenerated_all	-0.6197808615210263	0.6445554223426702	163.68925548394836	DOWN	Nerve_guidance	False
TRPV1	AF_outer	healthy_vs_degenerated_all	0.1043609311599461		23.11039112064361	UP	Nociception_ion_channels	False
TRPV4	AF_outer	healthy_vs_degenerated_all	-0.0811151269486798	0.9391819935638102	362.3260856001612	DOWN	Nociception_ion_channels	False
UNC5B	AF_outer	healthy_vs_degenerated_all	0.5164695551870623	0.4019991592236458	374.1613018504932	UP	Nerve_guidance	False
VEGFA	AF_outer	healthy_vs_degenerated_all	0.334789971720065	0.6062314989492003	3091.239729706625	UP	Neovascularization	False
VEGFB	AF_outer	healthy_vs_degenerated_all	0.1991803565546176	0.6694092401401285	2515.857149564617	UP	Neovascularization	False
ANGPT1	AF_outer	healthy_vs_degenerated_mild	-0.5390404254976024	0.8521024194426086	312.94515958390537	DOWN	Neovascularization	False
ANGPT2	AF_outer	healthy_vs_degenerated_mild	0.3599529063489929	0.8344781738587526	122.40679324683362	UP	Neovascularization	False
BDKRB2	AF_outer	healthy_vs_degenerated_mild	-0.1916717362494273	0.9555957938278408	90.5988573134247	DOWN	Inflammatory_pain	False
CCL2	AF_outer	healthy_vs_degenerated_mild	-0.2486101586086989	0.9351188901906596	1501.9951302426812	DOWN	Inflammatory_pain	False
CXCL8	AF_outer	healthy_vs_degenerated_mild	-2.840058599430366	0.1071947100356293	2122.292541094157	DOWN	Inflammatory_pain	False
FGF2	AF_outer	healthy_vs_degenerated_mild	0.2477828627956007	0.9401172332275564	2026.1815703339107	UP	Neovascularization	False
FLT1	AF_outer	healthy_vs_degenerated_mild	-0.4525924111721172	0.8927360844071973	215.86417363777423	DOWN	Neovascularization	False
GAL	AF_outer	healthy_vs_degenerated_mild	0.2847669421618813	0.9537593003580104	11.776443044923802	UP	Neuropeptides	False
NGF	AF_outer	healthy_vs_degenerated_mild	-0.1166526244739513	0.9701123992583812	228.32658108170224	DOWN	Neuropeptides; Neurotrophin_signaling	False
NGFR	AF_outer	healthy_vs_degenerated_mild	-0.509453636846897	0.9348368361049548	100.886846705011	DOWN	Neurotrophin_receptors; Neurotrophin_signaling	False
NRP2	AF_outer	healthy_vs_degenerated_mild	0.2538731884609356	0.7560552379845028	1648.242069616932	UP	Nerve_guidance	False
NTN1	AF_outer	healthy_vs_degenerated_mild	0.6294154911345642	0.8488173870408889	84.94709987955792	UP	Nerve_guidance	False
NTN4	AF_outer	healthy_vs_degenerated_mild	0.7208081217963053	0.643061940389365	598.4867773879455	UP	Nerve_guidance	False
NTRK2	AF_outer	healthy_vs_degenerated_mild	0.7596735399353057	0.8177819684365688	414.6879471421571	UP	Neurotrophin_receptors; Neurotrophin_signaling	False
P2RX4	AF_outer	healthy_vs_degenerated_mild	-0.4750169813168559	0.6658149373014556	235.2899526898485	DOWN	Nociception_ion_channels	False
P2RX7	AF_outer	healthy_vs_degenerated_mild	0.1127722373553183	0.9652594844114044	32.9203065000693	UP	Nociception_ion_channels	False
PDGFA	AF_outer	healthy_vs_degenerated_mild	0.7391657516771741	0.5329216002143262	298.9878594366139	UP	Neovascularization	False
PTGES	AF_outer	healthy_vs_degenerated_mild	-0.0321868681443819	0.9924232028557654	263.5658650338388	DOWN	Inflammatory_pain	False
PTGS2	AF_outer	healthy_vs_degenerated_mild	-0.1721719307454276	0.9527050439393964	1658.1028485293443	DOWN	Inflammatory_pain	False
ROBO1	AF_outer	healthy_vs_degenerated_mild	0.5137372714397176	0.8000323121492113	223.72281994521688	UP	Nerve_guidance	False
ROBO2	AF_outer	healthy_vs_degenerated_mild	-0.0156057421935507	0.9955037931557352	152.99559944082267	DOWN	Nerve_guidance	False
SEMA3A	AF_outer	healthy_vs_degenerated_mild	-0.4887916261889768	0.8183892528418785	932.5065598040746	DOWN	Nerve_guidance	False
SEMA3E	AF_outer	healthy_vs_degenerated_mild	0.1607830239038633	0.9447913803615744	475.9044367287111	UP	Nerve_guidance	False
SLIT3	AF_outer	healthy_vs_degenerated_mild	-0.9858328897074746	0.7663197728430803	140.46365180313185	DOWN	Nerve_guidance	False
TRPV1	AF_outer	healthy_vs_degenerated_mild	-0.1654521108037794	0.9401172332275564	17.772598029135942	DOWN	Nociception_ion_channels	False
TRPV4	AF_outer	healthy_vs_degenerated_mild	-0.3507540060360956	0.8646817737950836	289.08893431220224	DOWN	Nociception_ion_channels	False
UNC5B	AF_outer	healthy_vs_degenerated_mild	0.4889907632790335	0.7629667905397567	314.17329711169907	UP	Nerve_guidance	False
VEGFA	AF_outer	healthy_vs_degenerated_mild	-0.1044280482830672	0.9570051296268464	1759.167838287283	DOWN	Neovascularization	False
VEGFB	AF_outer	healthy_vs_degenerated_mild	0.2344050466638509	0.8677896477329685	2242.9263240877217	UP	Neovascularization	False
ANGPT1	AF_outer	healthy_vs_degenerated_severe	-0.001661909786348	0.9984400110675667	442.6991466659871	DOWN	Neovascularization	False
ANGPT2	AF_outer	healthy_vs_degenerated_severe	0.915665361581074	0.1006090518601453	161.5729992232217	UP	Neovascularization	False
BDKRB2	AF_outer	healthy_vs_degenerated_severe	0.4769187747790421	0.3707416175795435	155.7053427659904	UP	Inflammatory_pain	False
CCL2	AF_outer	healthy_vs_degenerated_severe	-0.7671653548649523	0.3241118456892071	1947.04298781897	DOWN	Inflammatory_pain	False
CXCL8	AF_outer	healthy_vs_degenerated_severe	-1.6951023080615448	0.1074000762089136	2282.453987525631	DOWN	Inflammatory_pain	False
FGF2	AF_outer	healthy_vs_degenerated_severe	0.5634539177113872	0.4780441056559623	2791.5143960392115	UP	Neovascularization	False
FLT1	AF_outer	healthy_vs_degenerated_severe	0.0503129451555987	0.9774830235031008	261.75470404240923	UP	Neovascularization	False
GAL	AF_outer	healthy_vs_degenerated_severe	0.3707266844900214	0.793447574204681	13.91616174992795	UP	Neuropeptides	False
NGF	AF_outer	healthy_vs_degenerated_severe	0.4351275835915621	0.5517935693169762	312.04200089867646	UP	Neuropeptides; Neurotrophin_signaling	False
NGFR	AF_outer	healthy_vs_degenerated_severe	0.4387532179786985	0.7308683058427611	73.70410354608003	UP	Neurotrophin_receptors; Neurotrophin_signaling	False
NRP2	AF_outer	healthy_vs_degenerated_severe	0.3943962260231926	0.4617386213756538	2201.832076534557	UP	Nerve_guidance	False
NTN1	AF_outer	healthy_vs_degenerated_severe	0.7832389763348336	0.4738052056847321	127.45695268695636	UP	Nerve_guidance	False
NTN4	AF_outer	healthy_vs_degenerated_severe	0.3918301676998415	0.5032423113046167	712.6853304661395	UP	Nerve_guidance	False
NTRK2	AF_outer	healthy_vs_degenerated_severe	0.7965833117374773	0.401014200109379	700.0020454150002	UP	Neurotrophin_receptors; Neurotrophin_signaling	False
P2RX4	AF_outer	healthy_vs_degenerated_severe	-0.4769346981454411	0.1416298277875081	283.8090778827783	DOWN	Nociception_ion_channels	False
P2RX7	AF_outer	healthy_vs_degenerated_severe	-0.3407893299436922	0.585486927192508	39.17893845042836	DOWN	Nociception_ion_channels	False
PDGFA	AF_outer	healthy_vs_degenerated_severe	0.8430849796067137	0.1122344716170672	481.7408896475347	UP	Neovascularization	False
PTGES	AF_outer	healthy_vs_degenerated_severe	0.5959903966653449	0.4685230446861899	502.692232435601	UP	Inflammatory_pain	False
PTGS2	AF_outer	healthy_vs_degenerated_severe	0.7235180060657873	0.3917264282433302	3148.3243258638154	UP	Inflammatory_pain	False
ROBO1	AF_outer	healthy_vs_degenerated_severe	0.5127268126326582	0.4037019515041236	301.2828876622238	UP	Nerve_guidance	False
ROBO2	AF_outer	healthy_vs_degenerated_severe	-0.6744262794400806	0.2284706131806989	189.2356537844233	DOWN	Nerve_guidance	False
SEMA3A	AF_outer	healthy_vs_degenerated_severe	-0.5280205897064952	0.5292235664093886	1153.3036567939002	DOWN	Nerve_guidance	False
SEMA3E	AF_outer	healthy_vs_degenerated_severe	-0.1579230139950743	0.8415070469945226	579.4309148834832	DOWN	Nerve_guidance	False
SLIT3	AF_outer	healthy_vs_degenerated_severe	-0.4052135938027376	0.7720690877677828	192.1243604903888	DOWN	Nerve_guidance	False
TRPV1	AF_outer	healthy_vs_degenerated_severe	0.2935998004912268	0.6346646068547404	29.32402581255429	UP	Nociception_ion_channels	False
TRPV4	AF_outer	healthy_vs_degenerated_severe	0.0076693849732594	0.992666327920405	323.6435887258593	UP	Nociception_ion_channels	False
UNC5B	AF_outer	healthy_vs_degenerated_severe	0.5209810393635369	0.327734566663983	409.2606269966231	UP	Nerve_guidance	False
VEGFA	AF_outer	healthy_vs_degenerated_severe	0.6090846945480445	0.2898799620414543	3429.879501527274	UP	Neovascularization	False
VEGFB	AF_outer	healthy_vs_degenerated_severe	0.2059862724159486	0.5752024245862954	2780.999034359916	UP	Neovascularization	False
ANGPT1	AF_outer	mild_vs_severe	0.4954600354494268	0.3370847030332828	295.38579384247447	UP	Neovascularization	False
ANGPT2	AF_outer	mild_vs_severe	0.55183226808552	0.2391251436522145	40.03256565428467	UP	Neovascularization	False
BDKRB2	AF_outer	mild_vs_severe	0.5886708528397813	0.3819911252720963	129.59382407940927	UP	Inflammatory_pain	False
CCL2	AF_outer	mild_vs_severe	0.5242399947255024	0.3785034507151909	1258.3273157954409	UP	Inflammatory_pain	False
CXCL8	AF_outer	mild_vs_severe	0.2866936117026341	0.7922136335243535	3689.5883599141193	UP	Inflammatory_pain	False
FGF2	AF_outer	mild_vs_severe	0.3726526383715463	0.2338190201411379	2333.6798882936264	UP	Neovascularization	False
FLT1	AF_outer	mild_vs_severe	0.3821597727739692	0.7492045435991808	284.7231070124745	UP	Neovascularization	False
GAL	AF_outer	mild_vs_severe	0.0184620266129206	0.9917994234674712	9.110621456868207	UP	Neuropeptides	False
NGF	AF_outer	mild_vs_severe	0.2582766566744874	0.7146021063863326	290.20980519228743	UP	Neuropeptides; Neurotrophin_signaling	False
NGFR	AF_outer	mild_vs_severe	-0.5825003833459245	0.6789081847234196	75.86213899295345	DOWN	Neurotrophin_receptors; Neurotrophin_signaling	False
NRP2	AF_outer	mild_vs_severe	-0.0678043151202225	0.8788612675785731	1951.8212563379016	DOWN	Nerve_guidance	False
NTN1	AF_outer	mild_vs_severe	0.4425511112846633	0.6316983641477909	139.58750133933648	UP	Nerve_guidance	False
NTN4	AF_outer	mild_vs_severe	-0.1526832014446363	0.7928882431404407	731.9150156701702	DOWN	Nerve_guidance	False
NTRK2	AF_outer	mild_vs_severe	0.0506476877206042	0.9652831286849436	582.2559732453855	UP	Neurotrophin_receptors; Neurotrophin_signaling	False
P2RX4	AF_outer	mild_vs_severe	-0.3734483733307837	0.3495162645500896	218.35736926108925	DOWN	Nociception_ion_channels	False
P2RX7	AF_outer	mild_vs_severe	-0.269756881096553	0.6001827994167847	34.44909174038179	DOWN	Nociception_ion_channels	False
PDGFA	AF_outer	mild_vs_severe	0.4084582679278999	0.3563947678430956	353.0335657279233	UP	Neovascularization	False
PTGES	AF_outer	mild_vs_severe	0.2854843747783459	0.7187614231411519	401.73790865146105	UP	Inflammatory_pain	False
PTGS2	AF_outer	mild_vs_severe	0.4713896287521932	0.3481815287566988	3733.7236341107177	UP	Inflammatory_pain	False
ROBO1	AF_outer	mild_vs_severe	0.1182637005041566	0.7970014828992065	265.4682981132811	UP	Nerve_guidance	False
ROBO2	AF_outer	mild_vs_severe	-0.0874820154876329	0.9239151946405346	83.55253770243753	DOWN	Nerve_guidance	False
SEMA3A	AF_outer	mild_vs_severe	-0.3822647798282104	0.5813830586998519	982.0340453542492	DOWN	Nerve_guidance	False
SEMA3E	AF_outer	mild_vs_severe	-0.0340704371609547	0.9528711389001776	531.7899855466387	DOWN	Nerve_guidance	False
SLIT3	AF_outer	mild_vs_severe	0.2340480149788045	0.8100897673166125	176.09259758105506	UP	Nerve_guidance	False
TRPV1	AF_outer	mild_vs_severe	0.5238945409860538	0.1878737760816438	20.776496944286308	UP	Nociception_ion_channels	False
TRPV4	AF_outer	mild_vs_severe	-0.3652097659187359	0.5880511188665498	309.6022687404621	DOWN	Nociception_ion_channels	False
UNC5B	AF_outer	mild_vs_severe	0.149339289420939	0.789031097030569	305.56727458840714	UP	Nerve_guidance	False
VEGFA	AF_outer	mild_vs_severe	0.5021885852465574	0.1300542774520732	3171.22413736358	UP	Neovascularization	False
VEGFB	AF_outer	mild_vs_severe	0.0919251608408039	0.8199343410000896	2667.753377215756	UP	Neovascularization	False
ANGPT1	AF_inner	mild_vs_severe	-0.6668046744378147		30.730900075924627	DOWN	Neovascularization	False
ANGPT2	AF_inner	mild_vs_severe	0.25580745550931		7.62068183370865	UP	Neovascularization	False
BDKRB2	AF_inner	mild_vs_severe	-0.3332959186475474		6.558316885774487	DOWN	Inflammatory_pain	False
CCL2	AF_inner	mild_vs_severe	2.101769806987071		91.75373847576132	UP	Inflammatory_pain	False
CXCL8	AF_inner	mild_vs_severe	-2.640993841766059	0.9189479106341732	186.75407452159985	DOWN	Inflammatory_pain	False
FGF2	AF_inner	mild_vs_severe	-0.1506460535078102	0.9971213801006984	1115.919861849422	DOWN	Neovascularization	False
FLT1	AF_inner	mild_vs_severe	-0.379353125155978	0.9772650304975482	332.68424327765143	DOWN	Neovascularization	False
GAL	AF_inner	mild_vs_severe	0.4089425255345449		0.6414495283948529	UP	Neuropeptides	False
NGF	AF_inner	mild_vs_severe	-0.992174871486115	0.9431135201962534	129.82138874954978	DOWN	Neuropeptides; Neurotrophin_signaling	False
NGFR	AF_inner	mild_vs_severe	-0.2908992237993507		14.172876136272846	DOWN	Neurotrophin_receptors; Neurotrophin_signaling	False
NRP2	AF_inner	mild_vs_severe	0.009682755059737	0.9981614242966392	442.4595710765264	UP	Nerve_guidance	False
NTN1	AF_inner	mild_vs_severe	0.7418901087445519		9.928620804071592	UP	Nerve_guidance	False
NTN4	AF_inner	mild_vs_severe	0.6053064440574389		44.97607844214821	UP	Nerve_guidance	False
NTRK2	AF_inner	mild_vs_severe	1.515506884733753	0.5204567623960085	179.99977025084638	UP	Neurotrophin_receptors; Neurotrophin_signaling	False
P2RX4	AF_inner	mild_vs_severe	-0.3370250455373516		27.250645983819854	DOWN	Nociception_ion_channels	False
P2RX7	AF_inner	mild_vs_severe	-0.6366233992381515		5.873188304634606	DOWN	Nociception_ion_channels	False
PDGFA	AF_inner	mild_vs_severe	0.2136489496419152		70.0084523634847	UP	Neovascularization	False
PTGES	AF_inner	mild_vs_severe	-1.2003846898859862		107.33310773587137	DOWN	Inflammatory_pain	False
PTGS2	AF_inner	mild_vs_severe	0.0556122059278717	0.9971213801006984	1841.9300110778788	UP	Inflammatory_pain	False
ROBO1	AF_inner	mild_vs_severe	0.4771221957152091		49.08525936576605	UP	Nerve_guidance	False
ROBO2	AF_inner	mild_vs_severe	-2.932600120000083		12.0298368535267	DOWN	Nerve_guidance	False
SEMA3A	AF_inner	mild_vs_severe	-0.2517278963024651	0.9971213801006984	389.7002412760589	DOWN	Nerve_guidance	False
SEMA3E	AF_inner	mild_vs_severe	-0.244969943428567	0.9971213801006984	213.7535492276685	DOWN	Nerve_guidance	False
SLIT3	AF_inner	mild_vs_severe	-0.3703528977757114		19.35616031652944	DOWN	Nerve_guidance	False
TRPV1	AF_inner	mild_vs_severe	0.4183375335511882		8.679307106187647	UP	Nociception_ion_channels	False
TRPV4	AF_inner	mild_vs_severe	-0.2210239437795134	0.972123065272708	171.31420963527242	DOWN	Nociception_ion_channels	False
UNC5B	AF_inner	mild_vs_severe	-0.2614004333223489	0.9971213801006984	134.15349208825674	DOWN	Nerve_guidance	False
VEGFA	AF_inner	mild_vs_severe	0.048671020391403	0.9971213801006984	3115.070784774855	UP	Neovascularization	False
VEGFB	AF_inner	mild_vs_severe	-0.2396409493727339	0.9971213801006984	288.04702573564185	DOWN	Neovascularization	False
