gene	rho	pvalue	padj	program
LGALS1	-0.572581337446544	0.0	0.0	late_down
PRSS23	-0.5381612731098147	0.0	0.0	late_down
RNASEK	-0.5363043768124779	0.0	0.0	late_down
TMSB10	-0.5081208739840765	0.0	0.0	late_down
VIM	-0.5049995600672902	0.0	0.0	late_down
C12orf75	-0.49100330013393084	0.0	0.0	late_down
S100A6	-0.4817624725475411	0.0	0.0	late_down
THY1	-0.4804250863586686	0.0	0.0	late_down
FTH1	-0.4770013998332991	0.0	0.0	late_down
TMSB4X	-0.4742756623015633	0.0	0.0	late_down
TRAPPC5	-0.4668738349092685	0.0	0.0	late_down
MRPS24	-0.4648273558100227	0.0	0.0	late_down
EIF4A1	-0.46282827222233136	0.0	0.0	late_down
MGST1	-0.45913980971042173	0.0	0.0	late_down
RPL17	-0.4581236079671524	0.0	0.0	late_down
CD63	-0.4560668572018447	0.0	0.0	late_down
CAMK2N1	-0.4533792767719672	0.0	0.0	late_down
RPS27L	-0.4490525018626198	0.0	0.0	late_down
CALD1	-0.44876903082313396	0.0	0.0	late_down
ITGB1	-0.4479686158366171	0.0	0.0	late_down
SERPINA1	0.44275529808189223	0.0	0.0	late_up
LIMA1	-0.4427108120269643	0.0	0.0	late_down
ACAN	0.4369230589403106	0.0	0.0	late_up
IGFBP4	-0.4318096744798884	0.0	0.0	late_down
FOSB	0.43155826185684854	0.0	0.0	late_up
FGFBP2	0.4295578652673466	0.0	0.0	late_up
COL1A2	-0.4241619188629568	0.0	0.0	late_down
BTG2	0.4239485399936089	0.0	0.0	late_up
CLEC3A	0.42329916216016394	0.0	0.0	late_up
S100B	0.42302166725292106	0.0	0.0	late_up
GPX4	-0.42181942858279325	0.0	0.0	late_down
LOXL1	-0.42112383000540965	0.0	0.0	late_down
PTX3	-0.42081481245224306	0.0	0.0	late_down
MAP1B	-0.4183427840740131	0.0	0.0	late_down
TPM2	-0.4164308604679326	0.0	0.0	late_down
S100A10	-0.4151361380109625	0.0	0.0	late_down
IGFBP3	-0.41261207298464536	0.0	0.0	late_down
GABARAP	-0.410018916032177	0.0	0.0	late_down
COL12A1	-0.4074911762638061	0.0	0.0	late_down
ANXA2	-0.40508158337586314	0.0	0.0	late_down
TPM1	-0.40440734576659465	0.0	0.0	late_down
SERF2	-0.4040195240357881	0.0	0.0	late_down
RGCC	0.4030464122433119	0.0	0.0	late_up
CD151	-0.402773392368375	0.0	0.0	late_down
COL6A3	-0.40185369365364104	0.0	0.0	late_down
CTHRC1	-0.39999974938829685	0.0	0.0	late_down
GPNMB	-0.3997380522204191	0.0	0.0	late_down
S100A11	-0.39911768886300697	0.0	0.0	late_down
COL2A1	0.3975844716736675	0.0	0.0	late_up
GAPDH	-0.3969521248049952	0.0	0.0	late_down
MGST3	-0.39684398011077365	0.0	0.0	late_down
S100A4	-0.3961037523593027	0.0	0.0	late_down
COL1A1	-0.3935063716648808	0.0	0.0	late_down
POLR2L	-0.3919462060865271	0.0	0.0	late_down
PRELP	0.38958348991126984	0.0	0.0	late_up
ITGBL1	-0.3888724281182102	0.0	0.0	late_down
IGFBP6	-0.3875101304606547	0.0	0.0	late_down
UBE2V1	-0.38727533511812	0.0	0.0	late_down
PSMA6	-0.3867292994233112	0.0	0.0	late_down
GAS6	-0.38491920970329163	0.0	0.0	late_down
CSTB	-0.382512101041878	0.0	0.0	late_down
PPP1R14B	-0.37969247611526025	0.0	0.0	late_down
KLF4	0.3794009390811801	0.0	0.0	late_up
CD59	-0.37807795169351716	0.0	0.0	late_down
PDLIM2	-0.37693360344672644	0.0	0.0	late_down
PLIN2	-0.37651677575516	0.0	0.0	late_down
COL6A1	-0.3759900437698184	0.0	0.0	late_down
DKK3	-0.37141852399944314	0.0	0.0	late_down
GREM1	-0.3705168921145864	0.0	0.0	late_down
FTL	-0.37046799036423317	0.0	0.0	late_down
TMEM158	-0.37038533936399737	0.0	0.0	late_down
MARCKS	-0.36808653856150875	0.0	0.0	late_down
PNRC1	0.36657418324209384	0.0	0.0	late_up
CTSK	-0.3663308036511158	0.0	0.0	late_down
DDX5	0.3659459513210335	0.0	0.0	late_up
FAP	-0.36508945303222967	0.0	0.0	late_down
COL6A2	-0.36427393293714994	0.0	0.0	late_down
DAB2	-0.36397788171673895	0.0	0.0	late_down
ATF3	0.36153375285555667	0.0	0.0	late_up
MYL12A	-0.35883101883924295	0.0	0.0	late_down
NDUFA13	-0.3584656651813117	0.0	0.0	late_down
CLMP	-0.3576656637973178	0.0	0.0	late_down
BRI3	-0.35727042184343666	0.0	0.0	late_down
COL9A2	0.35621715616224064	0.0	0.0	late_up
MYOF	-0.35611939379855745	0.0	0.0	late_down
DNAJB1	0.35239906291923134	0.0	0.0	late_up
NEXN	-0.3518279353604477	0.0	0.0	late_down
S100A16	-0.3494763361189495	0.0	0.0	late_down
LMO7	-0.3482588571264479	0.0	0.0	late_down
TOMM5	-0.34820406081612676	0.0	0.0	late_down
COMP	0.3476564519911185	0.0	0.0	late_up
F13A1	0.3460503471408777	0.0	0.0	late_up
TIMP1	-0.34574352233218064	0.0	0.0	late_down
AP2S1	-0.3448538141886565	0.0	0.0	late_down
CTSD	-0.34430822715137216	0.0	0.0	late_down
A2M	0.34336099169574674	0.0	0.0	late_up
COL11A2	0.343059899827806	0.0	0.0	late_up
OGN	0.3430400151165641	0.0	0.0	late_up
FOS	0.3430396039782928	0.0	0.0	late_up
SH3BGRL3	-0.34230410434419056	0.0	0.0	late_down
COL9A3	0.3415264580301933	0.0	0.0	late_up
ARPC1B	-0.34004049296219974	0.0	0.0	late_down
NT5E	-0.33969586248904954	0.0	0.0	late_down
HOMER3	-0.33968794906786876	0.0	0.0	late_down
SKIL	0.3392188810177574	0.0	0.0	late_up
RND3	-0.33812544045702037	0.0	0.0	late_down
SOX9	0.3380577451366635	0.0	0.0	late_up
SCRG1	0.3370832192488589	0.0	0.0	late_up
ALCAM	-0.3365121235356666	0.0	0.0	late_down
HSPA1A	0.3355764268972183	0.0	0.0	late_up
FBN1	-0.3353296282109907	0.0	0.0	late_down
MDK	-0.3334167866830798	0.0	0.0	late_down
TSPAN4	-0.33331116528437343	0.0	0.0	late_down
C17orf49	-0.3323417145007486	0.0	0.0	late_down
SERPINA5	0.33211023848828897	0.0	0.0	late_up
CHAD	0.33132877476712047	0.0	0.0	late_up
HSP90AB1	0.3312455806851567	0.0	0.0	late_up
DPP4	-0.33123440765399975	0.0	0.0	late_down
PSMA2	-0.3304434593724956	0.0	0.0	late_down
SPOCK1	-0.329217260302458	0.0	0.0	late_down
COL14A1	-0.32556320485951673	0.0	0.0	late_down
CLGN	-0.32550442281581043	0.0	0.0	late_down
CDKN2A	-0.32516494820205666	0.0	0.0	late_down
ARL4C	-0.3247443820307601	0.0	0.0	late_down
TPM4	-0.3236184680818012	0.0	0.0	late_down
C11orf96	0.3226020555183798	0.0	0.0	late_up
GYPC	-0.32109412878641813	0.0	0.0	late_down
RPS17	-0.3204241465318479	0.0	0.0	late_down
BASP1	-0.3197990981574091	0.0	0.0	late_down
HINT1	-0.31965088781595774	0.0	0.0	late_down
FLNA	-0.3194764413083953	0.0	0.0	late_down
AKR1C1	-0.3194688703560991	0.0	0.0	late_down
PLPP3	-0.3188862307193576	0.0	0.0	late_down
NDUFA4	-0.3187110209169643	0.0	0.0	late_down
MCL1	0.318657262402487	0.0	0.0	late_up
ITM2A	0.31859090803164475	0.0	0.0	late_up
GADD45B	0.3178922900516818	0.0	0.0	late_up
BAX	-0.31716014828507855	0.0	0.0	late_down
CTSA	-0.3162424776199973	0.0	0.0	late_down
KRTCAP2	-0.3161285027550647	0.0	0.0	late_down
BTG1	0.31606791475970974	0.0	0.0	late_up
VAMP5	-0.3153481314282883	0.0	0.0	late_down
CAV1	-0.31513305235884576	0.0	0.0	late_down
NR4A2	0.31481241092494605	0.0	0.0	late_up
PFN1	-0.31454463282176764	0.0	0.0	late_down
EGR1	0.313983860257295	0.0	0.0	late_up
COX16	-0.31327282892287117	0.0	0.0	late_down
TRAPPC1	-0.3132701722508738	0.0	0.0	late_down
MGAT4B	-0.31317268701987444	0.0	0.0	late_down
DRAP1	-0.312088834976726	0.0	0.0	late_down
HNRNPA2B1	0.31149893106376014	0.0	0.0	late_up
KLF2	0.310655820636715	0.0	0.0	late_up
TAF10	-0.309886868609396	0.0	0.0	late_down
LOX	-0.30783820002521495	0.0	0.0	late_down
RTN4	-0.30669489543653644	0.0	0.0	late_down
FMOD	0.3062745362276224	0.0	0.0	late_up
EIF1	0.3061119357555181	0.0	0.0	late_up
IVNS1ABP	0.30610564601024204	0.0	0.0	late_up
EIF5	0.30588763567799443	0.0	0.0	late_up
SULF1	-0.3058424316963478	0.0	0.0	late_down
ADAM12	-0.3056076718822561	0.0	0.0	late_down
ABI3BP	0.3055293231801856	0.0	0.0	late_up
PAM16	-0.30551075623941554	0.0	0.0	late_down
RPL36A	-0.30486323730599535	0.0	0.0	late_down
BAG2	-0.3044965930041643	0.0	0.0	late_down
AKR1C3	-0.3041084021110946	0.0	0.0	late_down
UCHL1	-0.30408425159199326	0.0	0.0	late_down
PDE5A	-0.30396804942019107	0.0	0.0	late_down
CDH11	-0.3024809161270606	0.0	0.0	late_down
NDUFV2	-0.3006658020005318	0.0	0.0	late_down
RHOB	0.2999363967179988	0.0	0.0	late_up
TXN	-0.29964612156376746	0.0	0.0	late_down
PPP1R15A	0.2991287204152998	0.0	0.0	late_up
SRSF5	0.29890650151443104	0.0	0.0	late_up
MGP	0.29812684349670265	0.0	0.0	late_up
RAB13	-0.29790220713087834	0.0	0.0	late_down
PPIA	-0.29762270022875187	0.0	0.0	late_down
CCND1	-0.2972678978070072	0.0	0.0	late_down
FBXO32	-0.2971239884460185	0.0	0.0	late_down
NR4A3	0.29696976041552187	0.0	0.0	late_up
SRP14	-0.29672952156009336	0.0	0.0	late_down
RPS19	-0.29651441193113176	0.0	0.0	late_down
FBXO2	0.29637758777039547	0.0	0.0	late_up
MT1G	0.2960746624001647	0.0	0.0	late_up
ANTXR1	-0.2958550731711614	0.0	0.0	late_down
MYL6	-0.295555786868691	0.0	0.0	late_down
JUNB	0.2954923661580559	0.0	0.0	late_up
APOD	0.29455771404266995	0.0	0.0	late_up
BICC1	-0.29410702100255987	0.0	0.0	late_down
GUK1	-0.292990205457821	0.0	0.0	late_down
RAD50	-0.292547160088059	0.0	0.0	late_down
FXYD6	0.29215162442009607	0.0	0.0	late_up
EFEMP2	-0.2916555972998474	0.0	0.0	late_down
RNH1	-0.29125325396760654	0.0	0.0	late_down
VEGFB	-0.2906627223820807	0.0	0.0	late_down
CP	0.2906594169546961	0.0	0.0	late_up
BLOC1S1	-0.2903906852055696	0.0	0.0	late_down
FBLN1	-0.29029215006346754	0.0	0.0	late_down
ZMAT3	-0.29021581788460193	0.0	0.0	late_down
CD44	-0.28955396496000524	0.0	0.0	late_down
WWP2	0.28924848427895034	0.0	0.0	late_up
PERP	-0.2889409262621749	0.0	0.0	late_down
LAMA4	-0.2879494941955737	0.0	0.0	late_down
TIPARP	0.2879337119826158	0.0	0.0	late_up
OST4	-0.28787655649965754	0.0	0.0	late_down
RPS2	-0.2878400442789503	0.0	0.0	late_down
CAMK2D	-0.28781051260068463	0.0	0.0	late_down
ATP6V0E1	-0.2877201798558866	0.0	0.0	late_down
HSPA1B	0.28669748011907786	0.0	0.0	late_up
HNRNPA1	0.2866620988143044	0.0	0.0	late_up
UQCR11	-0.2866447116296749	0.0	0.0	late_down
CLTA	-0.2861432171024048	0.0	0.0	late_down
GPRC5A	0.2850121741224718	0.0	0.0	late_up
PELI1	0.28485882750956465	0.0	0.0	late_up
NDUFA7	-0.28472012299829097	0.0	0.0	late_down
ANPEP	-0.2845994118558018	0.0	0.0	late_down
SLC4A7	-0.2845670279478419	0.0	0.0	late_down
RPP21	-0.28394928171566597	0.0	0.0	late_down
PLTP	-0.2837609873361037	0.0	0.0	late_down
DHCR24	-0.2835971982202023	0.0	0.0	late_down
CPE	0.2835891620493346	0.0	0.0	late_up
GLIPR1	-0.28352206019536225	0.0	0.0	late_down
CYP51A1	-0.28306042955393007	0.0	0.0	late_down
RPL28	-0.28218767930773053	0.0	0.0	late_down
UQCRQ	-0.2811699208946588	0.0	0.0	late_down
NR4A1	0.2810658131261416	0.0	0.0	late_up
CCNL1	0.28097712112443696	0.0	0.0	late_up
CYP1B1	-0.2807683069722148	0.0	0.0	late_down
CHRDL2	0.28029647135642416	0.0	0.0	late_up
MT-CO2	-0.2801289237564032	0.0	0.0	late_down
SLC14A1	0.28007977096565984	0.0	0.0	late_up
NGRN	-0.28001435716789097	0.0	0.0	late_down
GTF2H5	-0.27999795115959336	0.0	0.0	late_down
MT1X	0.27952215490415044	0.0	0.0	late_up
SFRP1	-0.27931348504514814	0.0	0.0	late_down
NQO1	-0.2791261530897545	0.0	0.0	late_down
CNN3	-0.2788310573408974	0.0	0.0	late_down
ARHGAP22	-0.27856740945944614	0.0	0.0	late_down
PRDX5	-0.27825039069959323	0.0	0.0	late_down
NDUFS8	-0.2782487070131987	0.0	0.0	late_down
HCFC1R1	-0.27774722337953084	0.0	0.0	late_down
AP1S1	-0.277734562672783	0.0	0.0	late_down
SQSTM1	-0.27746101201095674	0.0	0.0	late_down
EIF3H	0.2768840428577043	0.0	0.0	late_up
DNAJA1	0.2766943816541364	0.0	0.0	late_up
RAB32	-0.27641533394504936	0.0	0.0	late_down
CCDC85B	-0.2750552110686229	0.0	0.0	late_down
PPIB	-0.2734689561255539	0.0	0.0	late_down
CTSB	-0.27300221988691203	0.0	0.0	late_down
NEDD8	-0.2729212942916629	0.0	0.0	late_down
MYO1B	-0.2728923693578746	0.0	0.0	late_down
MIA	0.2727132129234865	0.0	0.0	late_up
MRPL14	-0.2722793992746751	0.0	0.0	late_down
MXRA7	-0.271456189391865	0.0	0.0	late_down
SFPQ	0.27142647169301903	0.0	0.0	late_up
SRGAP1	-0.2709561703689434	0.0	0.0	late_down
HSP90AA1	0.27076177621396835	0.0	0.0	late_up
CERCAM	-0.27027786844115304	0.0	0.0	late_down
ADAM9	-0.2700538381439191	0.0	0.0	late_down
CD81	-0.2694891089291045	0.0	0.0	late_down
MYL12B	-0.2694879742756926	0.0	0.0	late_down
JUND	0.2694591547252569	0.0	0.0	late_up
HBB	0.2693413560901094	0.0	0.0	late_up
CCDC80	-0.26923374477291967	0.0	0.0	late_down
ENAH	-0.2688880271155177	0.0	0.0	late_down
C18orf32	-0.2685299452731903	0.0	0.0	late_down
WSB1	0.26695013207977947	0.0	0.0	late_up
EPDR1	-0.26691238788876925	0.0	0.0	late_down
HIGD2A	-0.26659606482307646	0.0	0.0	late_down
DCBLD2	-0.26629237183242427	0.0	0.0	late_down
KLF10	0.2661903912282078	0.0	0.0	late_up
DDX3X	0.26612150021254066	0.0	0.0	late_up
COX6A1	-0.2660248866748817	0.0	0.0	late_down
NDUFC2	-0.2656834995322543	0.0	0.0	late_down
ZFP36L1	-0.2653167203622822	0.0	0.0	late_down
PKM	-0.26475341615419745	0.0	0.0	late_down
MYADM	0.2646733714256983	0.0	0.0	late_up
CA12	-0.26441320123638595	0.0	0.0	late_down
GJA1	-0.2641932427576984	0.0	0.0	late_down
TRIP6	-0.26384295839419253	0.0	0.0	late_down
APRT	-0.26327679329699727	0.0	0.0	late_down
LCP1	0.26255001787791776	0.0	0.0	late_up
RGS2	0.262368291109369	0.0	0.0	late_up
NOP10	-0.2620896268685862	0.0	0.0	late_down
MVP	-0.2614735924260712	0.0	0.0	late_down
ADH5	-0.2606272589225573	0.0	0.0	late_down
OCIAD2	-0.26019515660362597	0.0	0.0	late_down
FRZB	0.2597214299303922	0.0	0.0	late_up
SMARCE1	-0.25930394067138984	0.0	0.0	late_down
CSRNP1	0.2592590203367436	0.0	0.0	late_up
MFAP3L	0.2575334790072097	0.0	0.0	late_up
CISD1	-0.2569263036075824	0.0	0.0	late_down
NPC2	-0.2567276517004927	0.0	0.0	late_down
HEG1	-0.25632569614219014	0.0	0.0	late_down
PHPT1	-0.2557736013269039	0.0	0.0	late_down
LTBP1	-0.2556460075889385	0.0	0.0	late_down
PDGFRA	-0.2550860222398557	0.0	0.0	late_down
SRSF3	0.25427370638707525	0.0	0.0	late_up
COTL1	-0.2542159417057129	0.0	0.0	late_down
C9orf16	-0.25420259272941254	0.0	0.0	late_down
CLIC1	-0.25418701028270274	0.0	0.0	late_down
TM9SF1	-0.2533470361884059	0.0	0.0	late_down
CD55	0.25315490268408863	0.0	0.0	late_up
CDH19	0.2529962188076461	0.0	0.0	late_up
TSC22D3	0.25227903582568023	0.0	0.0	late_up
CHMP4A	-0.25177807978259	0.0	0.0	late_down
C1orf122	-0.25138098782208146	0.0	0.0	late_down
HERPUD1	0.2513722520618933	0.0	0.0	late_up
NDUFB2	-0.25136136923534697	0.0	0.0	late_down
MT1F	0.2508178754581389	0.0	0.0	late_up
RBP4	0.2507219234615455	0.0	0.0	late_up
AXL	-0.2506944707400989	0.0	0.0	late_down
MAP1A	-0.2505919771811088	0.0	0.0	late_down
NDRG2	0.25039204435825513	0.0	0.0	late_up
UROS	-0.250384606373844	0.0	0.0	late_down
C1R	-0.2493449894110899	0.0	0.0	late_down
SERTAD1	0.24920282958280598	0.0	0.0	late_up
EMP3	-0.24913263126790408	0.0	0.0	late_down
PHLDA3	-0.24912687907599673	0.0	0.0	late_down
TRIB1	0.24882166808904688	0.0	0.0	late_up
EFEMP1	-0.24835213043934576	0.0	0.0	late_down
FAM3C	-0.24813621930643615	0.0	0.0	late_down
PMEPA1	0.24808927127824476	0.0	0.0	late_up
PFDN5	-0.24790651172919306	0.0	0.0	late_down
CHI3L1	-0.24757490451106098	0.0	0.0	late_down
STMN1	-0.24723699998985685	0.0	0.0	late_down
DRAM1	-0.246784383741369	0.0	0.0	late_down
BHLHE40	0.24659696535792736	0.0	0.0	late_up
TSC22D1	0.2465088025091052	0.0	0.0	late_up
GNG5	-0.24601979142018102	0.0	0.0	late_down
BAMBI	0.24588677935391257	0.0	0.0	late_up
FEZ1	-0.24567972443242836	0.0	0.0	late_down
CDH13	-0.24554840706704273	0.0	0.0	late_down
LITAF	0.24501554120039587	0.0	0.0	late_up
LYZ	0.2448529395569239	0.0	0.0	late_up
VKORC1	-0.24471692485413307	0.0	0.0	late_down
B4GALT1	-0.24463787057000672	0.0	0.0	late_down
PABPC1	0.24407947272876296	0.0	0.0	late_up
ATF4	0.2436878426466189	0.0	0.0	late_up
RRAS2	-0.24315707695472638	0.0	0.0	late_down
MDFI	0.24246795547012437	0.0	0.0	late_up
TMEM255B	-0.2415266385232645	0.0	0.0	late_down
XBP1	0.24145463004538076	0.0	0.0	late_up
HEBP2	-0.24141905758849228	0.0	0.0	late_down
NUPR1	-0.24122595391233836	0.0	0.0	late_down
IAH1	-0.2412003011384394	0.0	0.0	late_down
ATOX1	-0.24110413545214146	0.0	0.0	late_down
PTGS2	0.2408639792313386	0.0	0.0	late_up
TNC	-0.2405521031212466	0.0	0.0	late_down
HAPLN1	0.24047722370576957	0.0	0.0	late_up
CLDN11	-0.24043601956148145	0.0	0.0	late_down
SRPX	-0.24034429191722165	0.0	0.0	late_down
TSPO	-0.24023760197924365	0.0	0.0	late_down
VAT1	-0.2398846976961988	0.0	0.0	late_down
HBA2	0.23961106677985025	0.0	0.0	late_up
AP2M1	-0.23925447790510332	0.0	0.0	late_down
CD99	-0.23893274381358362	0.0	0.0	late_down
FKBP1A	-0.23855973720093113	0.0	0.0	late_down
ZFP36	0.23851891992115426	0.0	0.0	late_up
EMP1	0.238251310071412	0.0	0.0	late_up
ARL6IP5	-0.23819838584102535	0.0	0.0	late_down
WBP1	-0.23791131174606914	0.0	0.0	late_down
GADD45GIP1	-0.23787708245504097	0.0	0.0	late_down
FHL2	-0.23765549382917642	0.0	0.0	late_down
PLXDC2	0.23729166937392013	0.0	0.0	late_up
CREB3L1	-0.23716259337282197	0.0	0.0	late_down
ANAPC11	-0.23696243161983857	0.0	0.0	late_down
SRSF7	0.23679106904996025	0.0	0.0	late_up
DYNLT1	-0.2367101227340844	0.0	0.0	late_down
ANXA11	-0.23636392167487882	0.0	0.0	late_down
DCN	0.23615447426156502	0.0	0.0	late_up
CFL1	-0.23590630955190237	0.0	0.0	late_down
SPINT2	0.2355708740946099	0.0	0.0	late_up
CTSZ	-0.23550376697691805	0.0	0.0	late_down
LY96	-0.23545019717216983	0.0	0.0	late_down
ST6GALNAC6	-0.23456234612146598	0.0	0.0	late_down
CAPS	0.2343958026275158	0.0	0.0	late_up
RPL29	-0.23435871305156467	0.0	0.0	late_down
ITGAE	-0.23426564145803835	0.0	0.0	late_down
CENPW	-0.2341428928517296	0.0	0.0	late_down
COX4I1	-0.2341041534110562	0.0	0.0	late_down
MZT2B	-0.2338615775636598	0.0	0.0	late_down
RPL26	-0.2337308836815444	0.0	0.0	late_down
DDX39B	-0.23330601359124412	0.0	0.0	late_down
TUBB	-0.23302608832439126	0.0	0.0	late_down
AHNAK	-0.23273128306004703	0.0	0.0	late_down
NTAN1	-0.23242789369791822	0.0	0.0	late_down
RPS18	-0.2320993290093525	0.0	0.0	late_down
PTP4A1	0.23169856165446828	0.0	0.0	late_up
NFATC1	0.23162634079991992	0.0	0.0	late_up
RALA	-0.23131551953325555	0.0	0.0	late_down
HACD1	-0.23126670022873855	0.0	0.0	late_down
APLP2	-0.23104863258708996	0.0	0.0	late_down
ETHE1	-0.23082616708085332	0.0	0.0	late_down
REXO2	-0.23081731422019974	0.0	0.0	late_down
CILP	0.23078543274758623	0.0	0.0	late_up
CCL2	-0.23074763279246913	0.0	0.0	late_down
C4orf3	-0.2306212268795764	0.0	0.0	late_down
MEGF6	-0.23035559969150068	0.0	0.0	late_down
RNASE4	-0.23016729911735412	0.0	0.0	late_down
PRELID1	-0.22993879701768297	0.0	0.0	late_down
GABARAPL1	0.22975828367330317	0.0	0.0	late_up
ANGPTL4	-0.22972390104710363	0.0	0.0	late_down
UQCC2	-0.22964530927064308	0.0	0.0	late_down
PPP1R15B	0.2293997485620133	0.0	0.0	late_up
PSMD9	-0.229013918526084	0.0	0.0	late_down
FUS	0.22860385513958228	0.0	0.0	late_up
TXNDC17	-0.22820847173558045	0.0	0.0	late_down
LAMTOR2	-0.2280374276391604	0.0	0.0	late_down
WNT5B	-0.22802588373063762	0.0	0.0	late_down
ANTXR2	-0.22754507175590571	0.0	0.0	late_down
GSTO1	-0.22748152370509478	0.0	0.0	late_down
BLVRB	-0.22744040145139036	0.0	0.0	late_down
ARL2	-0.22731430727659527	0.0	0.0	late_down
MXRA8	-0.22729231820321605	0.0	0.0	late_down
KHDRBS3	-0.22725592658582872	0.0	0.0	late_down
NCS1	-0.22697930302961278	0.0	0.0	late_down
MAP4K4	-0.22692555996688193	0.0	0.0	late_down
PCOLCE2	0.2268965246993532	0.0	0.0	late_up
DYNLL1	-0.22644397421628998	0.0	0.0	late_down
ADPRHL1	0.22557337340215292	0.0	0.0	late_up
PTMA	0.22500703227225932	0.0	0.0	late_up
EIF3F	-0.22476911955268844	0.0	0.0	late_down
STS	-0.22442633897211953	0.0	0.0	late_down
ACTN4	-0.22434375874917942	0.0	0.0	late_down
CEMIP	-0.22429288754682156	0.0	0.0	late_down
ARHGAP29	-0.22428956850456883	0.0	0.0	late_down
ABRACL	-0.22388397660654963	0.0	0.0	late_down
ID4	0.22386230695209997	0.0	0.0	late_up
CD24	-0.22376950754771388	0.0	0.0	late_down
JUN	0.2236379736790846	0.0	0.0	late_up
ZFAND5	0.2231338975893099	0.0	0.0	late_up
STAT1	-0.2230914204082958	0.0	0.0	late_down
VEPH1	-0.22302083624891236	0.0	0.0	late_down
COL11A1	0.22245368808467328	0.0	0.0	late_up
FBLN5	-0.22228689239191327	0.0	0.0	late_down
PARK7	-0.22208051806965787	0.0	0.0	late_down
ITGB5	-0.22204261957632532	0.0	0.0	late_down
OTUD1	0.22198981446324986	0.0	0.0	late_up
HMGA1	-0.22187653387084674	0.0	0.0	late_down
CHST3	0.22151352807109928	0.0	0.0	late_up
POLR2J3	-0.2214455538729555	0.0	0.0	late_down
CALU	-0.22136982689074355	0.0	0.0	late_down
IFITM3	-0.22111567641539087	0.0	0.0	late_down
AKAP12	-0.22109077258342913	0.0	0.0	late_down
CAPG	-0.2207408509672561	0.0	0.0	late_down
ADAMTS5	-0.22073595058102374	0.0	0.0	late_down
C5AR1	0.22063148989618614	0.0	0.0	late_up
AHNAK2	-0.22048624577690418	0.0	0.0	late_down
UQCR10	-0.21985997568997273	0.0	0.0	late_down
INHBA	0.21952340010296087	0.0	0.0	late_up
STAT2	-0.219368373845808	0.0	0.0	late_down
CYTL1	0.21936556895243087	0.0	0.0	late_up
WIF1	0.21921997571085683	0.0	0.0	late_up
SCIN	0.2191157493512918	0.0	0.0	late_up
ISCU	-0.21884900885856506	0.0	0.0	late_down
TBC1D2	-0.2188303167778694	0.0	0.0	late_down
SUMO2	-0.2187920396504748	0.0	0.0	late_down
RHOC	-0.2184405618927416	0.0	0.0	late_down
SEMA3C	-0.21823564160835124	0.0	0.0	late_down
RPL27	-0.21821492704140885	0.0	0.0	late_down
MYLIP	0.21819740097582713	0.0	0.0	late_up
TPGS2	-0.21818762896612873	0.0	0.0	late_down
AURKAIP1	-0.21814671151411238	0.0	0.0	late_down
PLAU	-0.21807925328693614	0.0	0.0	late_down
RPS6KA2	-0.2178295675713593	0.0	0.0	late_down
PCF11	0.21776410023903378	0.0	0.0	late_up
NDUFS5	-0.21769857797729852	0.0	0.0	late_down
ARPC5	-0.21765906114149985	0.0	0.0	late_down
GRN	-0.21731302602073999	0.0	0.0	late_down
MYBL1	-0.21727675182882855	0.0	0.0	late_down
ZDHHC24	-0.21717101314107093	0.0	0.0	late_down
ITGA11	-0.21715366483304094	0.0	0.0	late_down
DEF8	-0.21691707356520973	0.0	0.0	late_down
SEMA5A	-0.21680742049545676	0.0	0.0	late_down
MXD1	0.21671072502335897	0.0	0.0	late_up
RRAS	-0.21613300600566102	0.0	0.0	late_down
RALGPS2	-0.21591009760927138	0.0	0.0	late_down
C2orf74	-0.21587108614736372	0.0	0.0	late_down
COMT	-0.21580137950945022	0.0	0.0	late_down
NDUFA4L2	0.21578468434430026	0.0	0.0	late_up
EEA1	-0.2157440447989029	0.0	0.0	late_down
EHD2	-0.21562503895894472	0.0	0.0	late_down
TIMM13	-0.21553704490401868	0.0	0.0	late_down
ACO1	-0.21542046930004152	0.0	0.0	late_down
RBM39	0.21528864297358857	0.0	0.0	late_up
FRMD6	-0.21515356048007378	0.0	0.0	late_down
IFI27L2	-0.21499853975800565	0.0	0.0	late_down
COMMD4	-0.21476724082727536	0.0	0.0	late_down
NDUFB7	-0.21469209448873977	0.0	0.0	late_down
TOB1	0.2146048233456356	0.0	0.0	late_up
HBA1	0.21424761055864902	0.0	0.0	late_up
IDI1	0.21423829317227425	0.0	0.0	late_up
TUBB2B	0.21411628154858806	0.0	0.0	late_up
PLEKHO1	-0.21405185591273274	0.0	0.0	late_down
RBM4	-0.21400043805429975	0.0	0.0	late_down
EFNA1	0.2137525036417457	0.0	0.0	late_up
APPL2	-0.21371499768731	0.0	0.0	late_down
TSPAN5	-0.21370287251354467	0.0	0.0	late_down
PSMB8	-0.21369911912363912	0.0	0.0	late_down
