names	scores	logfoldchanges	pvals	pvals_adj	cluster
TMSB4X	15.505433	4.6579766	3.187603062555222e-54	7.309173822439124e-51	0
B2M	15.458823	2.5402052	6.578907278905772e-54	1.3925016360490095e-50	0
TMSB10	14.291891	3.0260403	2.458422955364876e-46	2.1821279367683847e-43	0
PCAT19	13.2416725	9.812243	5.041353009065558e-40	2.6173182905178848e-37	0
TM4SF1	13.090605	3.9122293	3.726296101242009e-39	1.7678062676168124e-36	0
MALAT1	13.049578	1.0189599	6.390072868022096e-39	2.882446639942557e-36	0
NEAT1	11.579381	1.6758006	5.24233199003215e-31	1.1727480246969482e-28	0
CALCRL	11.476566	9.285399	1.7301554317906167e-30	3.7783299096151276e-28	0
PALM2-AKAP2	10.588408	4.549759	3.3727634217520046e-26	5.071309197427768e-24	0
FABP4	10.411111	7.2438045	2.206327530325702e-25	3.0816907778904577e-23	0
GNG11	10.218126	4.160429	1.6448952339154539e-24	2.0387809574962898e-22	0
MYCT1	10.060258	12.594727	8.278113122191252e-24	9.49085669459227e-22	0
FABP5	9.93084	3.438981	3.0567077031748137e-23	3.2102430977312276e-21	0
ADGRL4	9.914608	12.138709	3.596650616176176e-23	3.7205052013046486e-21	0
EMCN	9.756044	10.582555	1.738016679463787e-22	1.6898680901811152e-20	0
HLA-B	9.596861	1.5203729	8.241595164603401e-22	7.58447266050927e-20	0
PPP1R15A	9.490617	1.7853794	2.296711852103445e-21	2.045188457038136e-19	0
KLF6	9.469087	2.5818381	2.8230042964706248e-21	2.458157791825497e-19	0
PTMA	9.428127	0.75668186	4.174764091823525e-21	3.57859217291639e-19	0
IGFBP7	9.295727	2.703227	1.462036106685406e-20	1.1937503119155974e-18	0
JUN	8.784503	2.0996833	1.5705781982096892e-18	1.00736665971883e-16	0
FAM241A	8.774459	5.2198033	1.7172757224675407e-18	1.0963470714481868e-16	0
PLK2	8.633009	3.094236	5.97587848532242e-18	3.59808035890879e-16	0
TCF4	8.619004	2.4358177	6.753876536418963e-18	4.0487944831395244e-16	0
HLA-C	8.503875	1.0733052	1.8336577865143045e-17	1.0555424195340502e-15	0
C2CD4B	8.341635	7.117898	7.327066131751895e-17	3.968731332308762e-15	0
ZFP36L1	8.298044	2.380974	1.0583938623908295e-16	5.611322835750687e-15	0
TSPAN14	8.212515	4.8260183	2.1660302737980134e-16	1.1140278320341333e-14	0
COL4A1	8.14309	4.766598	3.8531471277275106e-16	1.9276944793918213e-14	0
MT-ND3	8.086632	1.087448	6.133756283575949e-16	2.981915863937735e-14	0
TUBA1B	8.049558	1.049956	8.309390070969683e-16	3.9488977062660066e-14	0
IFI16	8.027527	3.712098	9.945712675758479e-16	4.678055213438809e-14	0
DAB2	8.0038595	2.2210011	1.205786890845252e-15	5.6234630658471105e-14	0
PLIN2	7.9987483	2.805121	1.2569044215889962e-15	5.851942819702677e-14	0
SDCBP	7.9638567	1.996463	1.6675862125488226e-15	7.522180692539903e-14	0
IL32	7.807363	4.524569	5.839678482266133e-15	2.472070663354383e-13	0
HSPB1	7.7190166	2.4941978	1.1723047605639241e-14	4.814498177862229e-13	0
AFAP1L1	7.647903	7.7065654	2.0428293806455775e-14	8.170129831081935e-13	0
EDNRB	7.599702	6.8633265	2.968135280508179e-14	1.16175263696249e-12	0
THBD	7.5282373	4.278565	5.142993158823163e-14	1.9385561610709336e-12	0
ETS2	7.5147033	2.8420343	5.704009307199445e-14	2.1353948312503393e-12	0
ARHGAP29	7.4101105	1.8062189	1.2619419753349268e-13	4.574913754060059e-12	0
LAMA4	7.407846	3.0665429	1.2836705402424984e-13	4.6414557930765555e-12	0
LMO2	7.376452	4.610834	1.625635978927042e-13	5.816774979994342e-12	0
CLEC2B	7.2462115	3.2993171	4.285907948589247e-13	1.4595426127893777e-11	0
CDKN1A	7.212971	1.9806566	5.474395263556927e-13	1.8414848419563863e-11	0
FTH1	7.212411	0.6232092	5.496982752216426e-13	1.8468251210010644e-11	0
GCLM	7.164359	1.5275424	7.815131225343781e-13	2.5509033309200415e-11	0
MAFF	7.1477914	2.368373	8.818523568651835e-13	2.85807414034186e-11	0
SPARCL1	7.0854588	5.341058	1.3858464287852711e-12	4.363037795704292e-11	0
MALAT1	45.260986	2.2645528	0.0	0.0	1
MT-CO1	41.12207	2.3504667	0.0	0.0	1
MT-ND4	40.92724	2.344357	0.0	0.0	1
MT-ATP6	40.410694	2.14419	0.0	0.0	1
MT-CO3	39.97876	2.4258692	0.0	0.0	1
MT-CO2	38.959892	2.0769064	0.0	0.0	1
MT-ND2	38.939995	1.8951164	0.0	0.0	1
MT-ND1	38.10393	1.9467136	0.0	0.0	1
MT-ND3	38.021206	2.022836	0.0	0.0	1
MT-CYB	37.37074	1.9747713	1.1676276040583113e-305	1.5299257692032614e-303	1
NEAT1	36.849987	2.2633255	2.9258465976151096e-297	3.3969449358640234e-295	1
MEG3	29.97931	3.8948007	1.82642387368421e-197	6.951020651216421e-196	1
MT-ND5	29.584047	1.5253274	2.397115825588216e-192	8.701720192201234e-191	1
MT-ND4L	23.319214	1.5536399	2.8305256543715516e-120	5.334571500389562e-119	1
N4BP2L2	16.00766	1.316958	1.1298108347972668e-57	1.1059364969861826e-56	1
DDX5	14.372155	0.39056832	7.73854897918087e-47	6.489908982357233e-46	1
MEG8	13.703372	3.060081	9.691647655434658e-43	7.656485124517372e-42	1
IARS	12.905216	1.8412714	4.2063202826537837e-38	3.106309954307609e-37	1
COL2A1	12.382628	1.6720197	3.245358596854875e-35	2.2856229114681023e-34	1
DDX17	10.946554	1.5215843	6.90238986510287e-28	4.315522824998195e-27	1
MTRNR2L12	10.324719	1.1776462	5.4477879715183765e-25	3.223684598372035e-24	1
HSPA6	9.961927	3.189037	2.2368281684772878e-23	1.2830636623685856e-22	1
KCNQ1OT1	8.861075	1.6526955	7.924643287921509e-19	4.131384704631456e-18	1
COL9A1	8.414447	1.3960919	3.9475399773093656e-17	1.9681194059729028e-16	1
PNISR	8.18356	1.1862332	2.755774765282949e-16	1.3475723909992113e-15	1
RBM39	7.9387364	0.18471994	2.0425144088840104e-15	9.767435953224267e-15	1
AC103591.3	7.7293806	4.469401	1.080709240318316e-14	5.076270989518399e-14	1
DNAJA4	7.173827	2.807059	7.292978760951622e-13	3.2667036234143714e-12	1
CCNL1	6.9071946	1.1453416	4.943312552939233e-12	2.1563124319384265e-11	1
DDN-AS1	6.6734333	3.5102663	2.498868730450649e-11	1.070343586349316e-10	1
HNRNPA2B1	5.171301	-0.13396178	2.3246974111612404e-07	8.632439131648137e-07	1
ZNF207	4.930685	1.2210169	8.194183455376408e-07	2.9733766577625907e-06	1
WSB1	4.9103866	1.080991	9.089698628377561e-07	3.2944171161543332e-06	1
HSPA9	4.8351703	0.27403513	1.330318089413895e-06	4.7855971431968546e-06	1
COL6A2	4.750044	0.46272102	2.0337250837012587e-06	7.269417953120789e-06	1
KMT2E-AS1	4.7448864	2.3068597	2.086234153383995e-06	7.456139623914016e-06	1
CHD2	4.6266985	1.3459498	3.7154041856375874e-06	1.311857584652943e-05	1
AC007952.4	4.5899706	1.6837059	4.43308823594931e-06	1.5600569881107713e-05	1
COL11A2	4.50927	1.1097956	6.505108879774682e-06	2.2738132105675833e-05	1
RBM5	4.400464	1.904103	1.0801950430254791e-05	3.734000854759935e-05	1
AC132192.2	4.273401	2.5741863	1.9251415211973127e-05	6.567343676824357e-05	1
AC087239.1	4.130524	2.954535	3.61936875054577e-05	0.00012162988585737347	1
RGPD5	3.6671937	2.4180205	0.00024522706512148366	0.0007848863468515464	1
HIST1H4E	3.6565359	3.419737	0.0002556466391961206	0.000817095240343879	1
PARD6G-AS1	3.437306	3.115257	0.0005875313945076188	0.0018312770561023605	1
AC020916.1	3.1898432	1.6870191	0.0014235005686082554	0.004332379343637292	1
Z95331.1	2.929266	2.37426	0.0033976348085542206	0.010075365814438833	1
A2ML1	2.9079614	5.6642065	0.0036379328615043327	0.01077169489047167	1
LINC02256	2.8492103	2.0610225	0.004382790414404528	0.01289116633273704	1
AL390957.1	2.7666438	2.8941922	0.005663661047847357	0.016510360990843083	1
COL2A1	83.93467	6.187427	0.0	0.0	2
COL11A1	83.68309	3.8168032	0.0	0.0	2
SPARC	83.22973	4.8008914	0.0	0.0	2
DLK1	81.11458	5.377236	0.0	0.0	2
EEF1A1	79.58047	1.6794087	0.0	0.0	2
COL9A3	76.9272	3.4209447	0.0	0.0	2
COL11A2	75.66246	3.5080912	0.0	0.0	2
COL9A2	74.6386	3.4259388	0.0	0.0	2
HAPLN1	74.53107	3.431544	0.0	0.0	2
TSPAN3	72.70565	2.5532136	0.0	0.0	2
RPS24	72.548164	1.0923327	0.0	0.0	2
CNMD	72.27807	3.4075418	0.0	0.0	2
RPL39	72.11546	1.3709162	0.0	0.0	2
EEF2	71.30962	1.4457946	0.0	0.0	2
ENPP1	67.95959	3.1417506	0.0	0.0	2
COL6A2	67.719795	2.4850147	0.0	0.0	2
COL9A1	66.93219	4.4104714	0.0	0.0	2
RPL6	66.852036	1.1023856	0.0	0.0	2
RPL5	66.77	1.224615	0.0	0.0	2
RPL41	66.54752	0.9906604	0.0	0.0	2
EDIL3	66.25523	2.5957012	0.0	0.0	2
RPS8	65.43504	1.0947819	0.0	0.0	2
ITM2A	65.40505	3.3316188	0.0	0.0	2
PAX1	65.31552	2.335717	0.0	0.0	2
S100A6	65.01464	2.026059	0.0	0.0	2
C1QL1	64.99235	4.0707483	0.0	0.0	2
COL14A1	64.77489	3.1131785	0.0	0.0	2
RPS15A	64.72058	1.1494893	0.0	0.0	2
RPL34	64.120476	1.207194	0.0	0.0	2
SEMA3E	64.09697	2.7142742	0.0	0.0	2
COL16A1	63.328552	3.0328882	0.0	0.0	2
SLC25A3	63.305397	1.345546	0.0	0.0	2
TPT1	62.876896	1.0269126	0.0	0.0	2
RPS28	62.476143	0.9141382	0.0	0.0	2
SNHG29	62.04103	1.4845593	0.0	0.0	2
PLOD2	61.833035	1.9875025	0.0	0.0	2
RPL7	61.784145	1.1005595	0.0	0.0	2
PCOLCE	61.212254	3.1067219	0.0	0.0	2
TNC	61.189026	3.3960521	0.0	0.0	2
RPL35A	60.977783	1.0352701	0.0	0.0	2
RPS3A	60.8781	1.0075794	0.0	0.0	2
HNRNPA1	60.80024	1.1060073	0.0	0.0	2
TWSG1	60.23322	2.2461202	0.0	0.0	2
RPL22	58.971798	0.9875017	0.0	0.0	2
CD81	58.660988	1.400832	0.0	0.0	2
RPLP0	57.127575	0.8699645	0.0	0.0	2
COL3A1	56.959755	2.6046832	0.0	0.0	2
RPS3	55.73911	0.9239449	0.0	0.0	2
RPL10A	55.702755	1.0587984	0.0	0.0	2
RPS21	55.645676	0.886194	0.0	0.0	2
COL9A1	11.730063	6.042618	8.939169992409968e-32	1.26850919025257e-27	3
COL9A2	11.727444	4.6549745	9.220156928714711e-32	1.26850919025257e-27	3
HAPLN1	11.444336	4.436888	2.510186509420769e-30	2.157353046277805e-26	3
MATN3	11.420282	5.9354506	3.311567180164898e-30	2.157353046277805e-26	3
COL27A1	11.40561	3.934821	3.9201792525763284e-30	2.157353046277805e-26	3
COL11A2	11.387283	4.22626	4.838421531413452e-30	2.218900114306209e-26	3
COL11A1	11.297543	4.176307	1.3494139191295664e-29	5.304353342681306e-26	3
COL12A1	11.047946	4.4166684	2.2428774633026192e-28	7.7143770350293595e-25	3
MATN2	10.442419	3.905663	1.5871338904538662e-25	4.3671576129728585e-22	3
ANGPTL2	10.315125	3.2468107	6.020239079837795e-25	1.3995759678402928e-21	3
COL9A3	10.313804	3.6927598	6.103689349499751e-25	1.3995759678402928e-21	3
RCN1	10.286643	2.3351908	8.094957099830349e-25	1.677977964439031e-21	3
LOXL4	10.281515	7.1552234	8.537466020550384e-25	1.677977964439031e-21	3
IL17B	10.247855	9.277161	1.2099911820332506e-24	2.2196078243217952e-21	3
SH3BP2	10.233033	3.1015089	1.410315852473276e-24	2.4253906872909164e-21	3
SNORC	10.111317	2.8743467	4.921837141121014e-24	7.966427692652107e-21	3
ARSI	10.010971	6.1298637	1.3640650957222382e-23	2.0852008429940613e-20	3
MMP2	9.947805	3.833194	2.5780671277765064e-23	3.7335839519946496e-20	3
FAM20C	9.859562	3.2763126	6.232086270906302e-23	8.57410429151289e-20	3
EXTL1	9.816731	5.017482	9.538638045071027e-23	1.249834116419878e-19	3
CXCL14	9.789409	5.702899	1.2502495236450495e-22	1.5509760100315744e-19	3
MMP13	9.761413	9.760559	1.6484339341556976e-22	1.8899295055095073e-19	3
RBP4	9.744071	2.6036816	1.95560174795976e-22	2.1524135078744302e-19	3
SERINC5	9.634056	3.1575453	5.741704978094321e-22	6.07649054527859e-19	3
CHADL	9.601706	2.8872392	7.863201304104384e-22	8.013475817916157e-19	3
EPYC	9.579586	3.9184678	9.743482702927313e-22	9.575059644776711e-19	3
ERRFI1	9.377985	2.7605393	6.7245615140360145e-21	6.380449469662585e-18	3
THBS1	9.316977	3.4589818	1.1970238887311785e-20	1.097910310744237e-17	3
PDPN	9.291713	2.8059535	1.518252346011973e-20	1.3392982162113206e-17	3
MGP	9.288993	3.3624969	1.5575498952886414e-20	1.3392982162113206e-17	3
CNN3	9.213288	2.4763873	3.162847831563126e-20	2.637240028281544e-17	3
CPE	9.17415	2.222276	4.5514848682619154e-20	3.683489930443966e-17	3
SLC38A3	9.164507	3.7869127	4.977415409215679e-20	3.8411022863318406e-17	3
SOX4	9.163471	3.2028859	5.0254281984280513e-20	3.8411022863318406e-17	3
COL2A1	9.16039	4.9922895	5.171034541652391e-20	3.8455726067055994e-17	3
DHRS3	9.156011	2.9381967	5.3851484649525356e-20	3.899414346358788e-17	3
NID2	9.143272	4.3495364	6.059059052675206e-20	4.2748992023951534e-17	3
SNHG29	9.138058	1.6684767	6.35842516904951e-20	4.373960673789158e-17	3
IMPA2	9.083986	3.2834442	1.0466980550913846e-19	6.857367543784414e-17	3
GPRC5C	8.841949	2.3127697	9.406237940886612e-19	6.01911728328921e-16	3
CSPG4	8.824209	2.5310917	1.1023624653654707e-18	6.893773999317339e-16	3
CYTL1	8.788877	4.889521	1.5106279007651137e-18	9.23698607054508e-16	3
CNMD	8.75196	2.651513	2.0967884366518613e-18	1.2542441439763612e-15	3
HSPG2	8.709454	2.9949691	3.0534219436560254e-18	1.7876161319497703e-15	3
CAMK2N1	8.675195	2.8273227	4.1284390372841985e-18	2.3666276781231666e-15	3
PTH1R	8.660635	4.68892	4.691434361765909e-18	2.6344797530275663e-15	3
SLC44A2	8.634024	3.123374	5.9230811739095316e-18	3.2595900316258934e-15	3
MEST	8.629907	3.7550519	6.140219256503609e-18	3.312828883567712e-15	3
TRPV4	8.612964	2.731296	7.119552169757484e-18	3.767338413520134e-15	3
TUBB2B	8.486182	2.3798263	2.1353703950344265e-17	1.1086198450899486e-14	3
SNHG8	43.49434	2.2937477	0.0	0.0	4
MEG3	43.028152	3.0996747	0.0	0.0	4
DNAJB9	42.11484	2.4690604	0.0	0.0	4
HERPUD1	41.182743	3.0450964	0.0	0.0	4
SELENOK	40.94983	2.0490189	0.0	0.0	4
HSPD1	40.171696	2.063373	0.0	0.0	4
SERPINH1	39.43032	3.0542243	0.0	0.0	4
HSP90AB1	39.161133	1.3139323	0.0	0.0	4
COL9A3	38.94389	2.6924891	0.0	0.0	4
MTHFD2	38.671402	2.3932624	0.0	0.0	4
TPT1	38.630848	0.9871552	0.0	0.0	4
RAB1A	38.34122	1.5724415	0.0	0.0	4
HSPA5	38.167557	2.6749864	0.0	0.0	4
COL2A1	37.86395	4.1942625	0.0	0.0	4
EIF1B	37.622128	1.6198597	9.3471693201804e-310	1.2859835550704225e-306	4
CIRBP	37.468178	1.6727626	3.0388916775027752e-307	3.9818163522936365e-304	4
BTG3	36.566307	1.8474225	9.819300073271682e-293	1.1747298296354069e-289	4
COL11A2	36.209198	2.4905803	4.3623020984449253e-287	4.6166578669542525e-284	4
RPL39	36.180454	1.109072	1.2357300936507947e-286	1.2593462687738988e-283	4
PGM3	35.94103	2.0914023	6.989406820069891e-283	6.868589930751539e-280	4
XBP1	35.448452	1.6182407	3.064322451798576e-275	2.8105965527896543e-272	4
ATF3	35.163143	2.6505194	7.320099418202394e-271	5.754853016893059e-268	4
COL9A2	34.928352	2.4125955	2.7606341259692084e-267	2.0530164489234796e-264	4
EPB41L4A-AS1	34.24682	1.7471899	4.863739816759078e-257	3.2641625560473852e-254	4
ZFAS1	34.01333	1.2656658	1.415383474409799e-253	9.057137600432565e-251	4
RPL22L1	33.824947	1.7039762	8.477529333365882e-251	5.0710368942803394e-248	4
MKNK2	33.817158	2.0736384	1.1035710786360349e-250	6.460821659521093e-248	4
EEF1A1	33.48372	1.1388596	8.31888843262685e-246	4.6714802880032735e-243	4
DLK1	33.47176	2.842383	1.2418127549308124e-245	6.833943952935246e-243	4
SNHG12	33.461544	2.2456665	1.7486290954158595e-245	9.284878077075264e-243	4
RPS15A	33.277042	0.93460053	8.296508760674243e-243	4.227532130716898e-240	4
RPL34	32.986412	1.0050328	1.2722098021418646e-238	6.035538778575094e-236	4
SNHG29	32.96061	1.2449691	2.981149240911288e-238	1.3903271612358474e-235	4
RPL41	32.705585	0.7707823	1.3008123232585087e-234	5.681452680441449e-232	4
COL16A1	32.53948	2.3091433	2.9497813918638937e-232	1.2682216371644829e-229	4
HSPA9	32.344025	1.3531736	1.6834964943343388e-229	6.913893960910995e-227	4
RPL35A	32.337868	0.87839705	2.054854272733941e-229	8.314907377727518e-227	4
UBC	32.291485	1.3111275	9.210862000019792e-229	3.620658268464923e-226	4
CYTOR	32.27922	2.9613202	1.3691068739042384e-228	5.305964048218172e-226	4
BET1	32.100056	2.2514582	4.40101904695791e-226	1.6819227791124147e-223	4
RSL24D1	31.934374	1.2028455	8.904118271563894e-224	3.3562427172650974e-221	4
HSPA13	31.72753	1.7951605	6.483573409657724e-221	2.378693412535226e-218	4
SLC3A2	31.583986	1.3856828	6.126168546534841e-219	2.2179954437691142e-216	4
CYCS	31.516014	1.4227617	5.241972658177579e-218	1.8732223332781073e-215	4
COL9A1	31.414022	2.7876713	1.3019945772148181e-216	4.593036254697812e-214	4
RPS29	30.884914	0.80790377	1.904486628502692e-209	6.469611613565442e-207	4
SESN2	30.62519	2.0891461	5.655933412006391e-206	1.875044141744191e-203	4
EIF1	30.593029	0.8049696	1.515327408341665e-205	4.963779639039197e-203	4
H1FX	30.493647	2.4236999	3.163667473655958e-204	1.0241349906484392e-201	4
TAF1D	30.225554	1.4443799	1.0934927624676122e-200	3.3431718724509793e-198	4
COL1A1	58.680595	8.195251	0.0	0.0	5
COL1A2	56.31846	5.186989	0.0	0.0	5
COL14A1	49.985744	3.8775268	0.0	0.0	5
COL3A1	49.66139	3.7567818	0.0	0.0	5
RPL35A	45.57955	1.095632	0.0	0.0	5
RPL39	44.77488	1.1851261	0.0	0.0	5
RPL41	43.143654	0.8774342	0.0	0.0	5
CIRBP	42.563797	1.7847995	0.0	0.0	5
RPS15A	42.23531	1.0305578	0.0	0.0	5
COL6A2	40.252556	1.9564099	0.0	0.0	5
PTMA	40.046104	1.1441408	0.0	0.0	5
RPL34	39.781235	1.075567	0.0	0.0	5
SERPINH1	39.425285	2.4789872	0.0	0.0	5
RPL10	39.078045	0.88402337	0.0	0.0	5
RPL22	36.662792	0.8952527	2.8619715520234912e-294	1.6071430454179263e-291	5
BGN	34.948032	1.513948	1.3871208562923578e-267	6.93963954213464e-265	5
ELN	34.865814	3.369413	2.452182427226935e-266	1.2048973512067203e-263	5
ZFP36L1	33.85402	2.5968244	3.1672442254879034e-251	1.4056434211052442e-248	5
COL5A2	33.85136	2.460003	3.465601195401071e-251	1.513642579248506e-248	5
POSTN	33.670937	4.5914116	1.5400740161849982e-248	6.51948871220714e-246	5
EEF1A1	32.738873	0.9646329	4.372370938428105e-235	1.6709744269692742e-232	5
JUND	31.652365	1.1810201	7.0360484798516e-220	2.277693058489372e-217	5
RPL29	31.18629	0.72223586	1.6347515728128067e-213	4.8367552986577625e-211	5
HNRNPA0	31.12551	1.354992	1.0881941029633166e-212	3.185398823099853e-210	5
SPARC	30.961365	2.0678082	1.7864461779498444e-210	5.067613714687414e-208	5
THBS4	30.474607	4.1957855	5.656091084351536e-204	1.5110000221069599e-201	5
SNHG29	29.550402	0.9933003	6.489547780334023e-192	1.5132745485056864e-189	5
HES1	29.453194	2.4797266	1.1458104343518653e-190	2.5842721239037643e-188	5
MEG3	29.214655	1.6545353	1.2633601763273375e-187	2.674047585524848e-185	5
MARCKS	29.185692	2.7719145	2.946012404697146e-187	6.187975368522645e-185	5
RPS3A	28.966148	0.7167794	1.757080468528447e-184	3.554987218531525e-182	5
ZFAS1	28.852795	0.8915067	4.673851462596714e-183	9.38727714195702e-181	5
SNHG8	28.840088	1.2421767	6.7463009400122095e-183	1.3451537439519997e-180	5
RPL5	28.833977	0.75062615	8.048106490845167e-183	1.5931776849071629e-180	5
RPS4Y1	28.53963	1.44252	3.777854393141409e-179	7.11996174532048e-177	5
COL6A1	27.956825	1.2882229	5.445986887404125e-172	9.484289569228602e-170	5
RPL6	27.930819	0.6762617	1.1274187461129217e-171	1.951072592329758e-169	5
RPS28	27.930588	0.5937843	1.13473633984169e-171	1.9514628204427464e-169	5
ATF3	27.766325	2.119993	1.106932686423942e-169	1.8459611999782535e-167	5
HSP90AB1	27.756916	0.6765037	1.4378113897208615e-169	2.3833023011782665e-167	5
MT-ND3	27.442566	1.0762444	8.522476919328102e-166	1.3555171960244626e-163	5
RPS15	27.394241	0.554304	3.211868932880557e-165	5.0501591746937944e-163	5
RPS29	27.278875	0.627038	7.554896465166597e-164	1.1613437493604697e-161	5
XBP1	27.024622	1.2381145	7.592635937017542e-161	1.0995735286472352e-158	5
RPL37	26.26235	0.56246203	5.165677477101043e-152	6.520127589904235e-150	5
LGALS1	26.198772	1.6450021	2.7444388983872986e-151	3.401620753514636e-149	5
FBLN1	26.175947	3.8859327	4.993481513636613e-151	6.1614635573643515e-149	5
RSRC2	25.774857	1.17588	1.6974355187173476e-146	1.9707441237563938e-144	5
DLK1	25.634687	1.9948639	6.2649539032228785e-145	7.15296562660086e-143	5
RPS27A	25.217955	0.511519	2.5455827437705997e-140	2.694009799138147e-138	5
HBB	16.343058	13.466621	4.874549400990793e-60	1.3412810131766266e-55	6
HBA1	16.18675	13.921685	6.254517440068784e-59	8.604965094046633e-55	6
HBA2	15.764214	13.325578	5.485059846079743e-56	5.030896890824341e-52	6
HBM	14.0756235	14.166645	5.362969551387891e-45	6.707612280726782e-42	6
AHSP	13.890841	12.749952	7.198554520496105e-44	7.635746353923754e-41	6
ALAS2	13.720459	13.765585	7.65786784307467e-43	6.3852694415164424e-40	6
SNCA	12.916751	8.010169	3.621119561676252e-38	1.4440395052041124e-35	6
BLVRB	12.854134	3.4704425	8.153456442294474e-38	3.1598663023404893e-35	6
CA1	12.470265	13.170488	1.0846406312018982e-35	3.141575958752782e-33	6
HBG1	12.418205	12.991245	2.0817847385955797e-35	5.845141721142446e-33	6
HBG2	12.183275	12.312875	3.816403679143744e-34	9.376086038867791e-32	6
SLC25A37	12.097693	2.9816833	1.0862059014509216e-33	2.4906701320269633e-31	6
SLC4A1	11.900403	9.157455	1.1777689863293378e-32	2.331474203441587e-30	6
SLC25A39	11.72748	3.1476796	9.21613245404707e-32	1.6683625039839418e-29	6
HBQ1	10.335281	13.848997	4.879801634590715e-25	3.45173834903337e-23	6
UBB	10.275068	1.3721415	9.127989704011864e-25	6.263485403880062e-23	6
FAM210B	10.097008	3.2534409	5.695347062984496e-24	3.5697760771089156e-22	6
HEMGN	9.971199	11.244675	2.037548542594404e-23	1.1853104798737341e-21	6
HBD	9.797502	13.4474125	1.1540470648630912e-22	6.19001150814285e-21	6
DMTN	9.760326	8.449925	1.6661812602318894e-22	8.799739646169034e-21	6
MYL4	9.601978	9.630946	7.842423514871957e-22	3.812581721470261e-20	6
FBXO7	9.52832	2.3140469	1.5984830554243227e-21	7.583424095354424e-20	6
MPP1	9.423509	4.3229394	4.362621575401171e-21	1.9424254897854147e-19	6
TENT5C	9.281093	5.55337	1.6774905531029778e-20	7.01486779014917e-19	6
FECH	9.27192	4.259785	1.8282522952181516e-20	7.587660656896329e-19	6
STRADB	9.270872	4.732224	1.846299678916318e-20	7.639516084971641e-19	6
TRIM58	8.810413	7.2026877	1.2468565850468438e-18	4.2939306375655764e-17	6
SELENBP1	8.324684	4.444909	8.455366559562031e-17	2.461988002676284e-15	6
EIF1AY	8.318936	2.540365	8.87561072861583e-17	2.565349840426399e-15	6
TESC	8.179299	9.363836	2.854991324134783e-16	7.778013987613138e-15	6
NCOA4	8.174417	2.4984195	2.9730063348153486e-16	8.083521967270665e-15	6
GYPC	8.058282	2.2404304	7.737437212168593e-16	2.0315202512407537e-14	6
DCAF12	7.943659	2.5481079	1.963031469385397e-15	4.973736087625099e-14	6
FKBP8	7.705249	1.6635559	1.3058842366042594e-14	3.0764307067125687e-13	6
BPGM	7.6279197	2.8644977	2.385719779704257e-14	5.521065219372779e-13	6
CAT	7.5932403	2.9577732	3.120027330398073e-14	7.154222668602782e-13	6
GLRX5	7.424408	1.8419636	1.1328556134695422e-13	2.4621357969717817e-12	6
EPB42	7.1244736	11.276185	1.0447923425689585e-12	2.0787061531545528e-11	6
CA2	6.9318476	6.312279	4.1538003598936736e-12	7.833856799371783e-11	6
EPB41	6.828083	2.2100518	8.605691276608314e-12	1.578628007781029e-10	6
BNIP3L	6.8242297	1.5079194	8.839843543984756e-12	1.6205005659978986e-10	6
BSG	6.6598334	1.3607054	2.7413853077576727e-11	4.780225483413189e-10	6
GYPB	6.592433	12.674307	4.326760202008437e-11	7.3536216008934e-10	6
GYPA	6.588835	11.71275	4.432912012623133e-11	7.529383144403588e-10	6
RBM38	6.508682	5.2035255	7.581310285353723e-11	1.2528968997705287e-09	6
LYL1	6.3312774	5.2748885	2.431398612284541e-10	3.831750527813369e-09	6
UROD	6.324117	2.9564996	2.546840626800714e-10	3.995374383526138e-09	6
HBZ	6.22897	10.251743	4.695108439649581e-10	7.133661172026387e-09	6
BCL2L1	5.8891006	2.5695586	3.883030169270729e-09	5.3422729068826685e-08	6
CCNDBP1	5.654863	1.5554326	1.559707179104424e-08	2.008278087984901e-07	6
B2M	15.346493	3.060429	3.738607634487621e-53	1.0287152767056138e-48	7
TMSB4X	14.259403	5.2183795	3.917903953540166e-46	3.59350150618704e-42	7
TYROBP	12.560959	13.089111	3.461122001387634e-36	3.5272678885252646e-33	7
SRGN	12.397018	8.038915	2.712288907337702e-35	2.3322294241970065e-32	7
IFI30	11.347394	7.180841	7.640569343356461e-30	2.919970917386061e-27	7
PTPRC	10.632343	11.031646	2.107499151470125e-26	5.369439504801107e-24	7
LYZ	10.589872	10.471467	3.32044071795944e-26	8.231103314898374e-24	7
LAPTM5	10.216478	8.669652	1.673092362362624e-24	3.3360006842586927e-22	7
MT-ND3	10.0764675	1.4821097	7.020469435810339e-24	1.2831441646778889e-21	7
TMSB10	9.641206	2.4307268	5.355530276019507e-22	8.325580286720494e-20	7
LCP1	9.584931	11.364069	9.251872688285134e-22	1.361361117063389e-19	7
FCER1G	9.526812	9.480246	1.6218861751841068e-21	2.288606153659789e-19	7
HLA-DRA	9.41513	12.064924	4.7250034682716405e-21	6.342107094290852e-19	7
SPI1	9.372106	9.11086	7.109984002506732e-21	9.228222632687511e-19	7
EVI2B	9.352405	8.86424	8.567720400017764e-21	1.096508811752971e-18	7
CYBA	9.30243	3.6394365	1.3727147527842773e-20	1.678738628338319e-18	7
HLA-B	9.162616	1.768085	5.0654171869790077e-20	5.688980380282219e-18	7
CXCL8	8.901895	7.66073	5.490162115994446e-19	5.376060526110434e-17	7
S100A11	8.880543	1.5336275	6.653489037235941e-19	6.469166231398733e-17	7
CD14	8.723606	4.879096	2.694785812796822e-18	2.4527866719916253e-16	7
PRKCB	8.5460415	12.012786	1.273823068629637e-17	1.0589279624293985e-15	7
S100A4	8.525091	3.0726078	1.526889411009628e-17	1.2541459412937587e-15	7
H3F3A	8.120746	0.7702252	4.633284728353019e-16	3.1478879650706586e-14	7
CD74	8.117846	9.294011	4.745312680738273e-16	3.209808820477705e-14	7
COTL1	8.106327	4.1323667	5.217294126609223e-16	3.5011346882033347e-14	7
MT-CO1	8.0673895	1.098475	7.18171429231004e-16	4.750289674692382e-14	7
GMFG	8.046743	6.9070916	8.50264377001973e-16	5.57044633275864e-14	7
CD53	8.026641	14.419902	1.0017780881593596e-15	6.468639496712396e-14	7
MYO1F	7.9108815	7.290272	2.5557287071146466e-15	1.5523936226261945e-13	7
CTSS	7.896891	7.631377	2.859460494038428e-15	1.7216830405680827e-13	7
ZEB2	7.8953834	4.250795	2.8942463272354984e-15	1.7362761861824377e-13	7
CYTIP	7.672385	11.293595	1.6882697129217874e-14	9.055444331531366e-13	7
KYNU	7.5796633	7.7081995	3.4645232504445086e-14	1.7719297724764145e-12	7
S100A9	7.5688944	8.327498	3.764146874754159e-14	1.9144965879063852e-12	7
MALAT1	7.5458207	0.5100785	4.494477536743978e-14	2.25675262593152e-12	7
LYN	7.4740844	4.2736945	7.774313739066486e-14	3.748408890794909e-12	7
SEMA6B	7.4330235	7.799075	1.0614294858876835e-13	4.992528843365043e-12	7
HLA-DRB1	7.355693	8.447058	1.899390575241387e-13	8.553785772232734e-12	7
NCF2	7.3299427	6.7033296	2.30250746606092e-13	1.0169469572412885e-11	7
CXCR4	7.274428	8.113788	3.4789221857804373e-13	1.5004078818798512e-11	7
FMNL1	7.072817	7.139965	1.5181990607233927e-12	6.028104668811671e-11	7
MS4A7	6.9750805	12.1043215	3.0569545998437873e-12	1.1698909981822204e-10	7
ACTB	6.835873	1.0484445	8.150707581923403e-12	2.920245700835994e-10	7
CD48	6.8036633	12.186449	1.0199184824457553e-11	3.588756644882021e-10	7
AQP9	6.798265	11.088182	1.0588647483059936e-11	3.711556995463404e-10	7
ARRB2	6.7803755	6.488247	1.1986379379560465e-11	4.185497652385606e-10	7
TNFRSF1B	6.7638245	8.565179	1.3439579118965192e-11	4.663347528845476e-10	7
GRN	6.753867	2.7622707	1.4395555438406256e-11	4.969988750855539e-10	7
TBXAS1	6.669372	6.9398828	2.569005140172118e-11	8.599604067758637e-10	7
CYBB	6.627695	12.114025	3.4096838927852565e-11	1.123603137651247e-09	7
XIST	89.17713	7.1116962	0.0	0.0	8
HTRA1	88.801254	4.440739	0.0	0.0	8
LUM	76.60256	3.4154556	0.0	0.0	8
SERPINA1	75.36709	2.8820713	0.0	0.0	8
FN1	69.84427	3.4367807	0.0	0.0	8
PRG4	69.534805	4.940031	0.0	0.0	8
FMOD	68.54981	2.2657332	0.0	0.0	8
ABI3BP	68.43431	2.919384	0.0	0.0	8
DCN	68.14669	2.4018009	0.0	0.0	8
CRLF1	66.405045	3.4750562	0.0	0.0	8
COMP	66.27234	2.8096805	0.0	0.0	8
CILP	64.44717	5.07969	0.0	0.0	8
KRT10	63.889214	1.3390576	0.0	0.0	8
SMOX	60.13594	2.3850565	0.0	0.0	8
CD55	59.54611	2.0667095	0.0	0.0	8
NORAD	59.332794	1.5371059	0.0	0.0	8
OGN	58.644093	2.4315646	0.0	0.0	8
PAPSS2	58.166225	1.8614851	0.0	0.0	8
WARS	57.395695	2.2543747	0.0	0.0	8
PRELP	56.976257	2.2054272	0.0	0.0	8
CITED4	54.597923	2.607528	0.0	0.0	8
NUPR1	54.54735	1.3762833	0.0	0.0	8
BMP2	53.50618	2.5638516	0.0	0.0	8
NRP2	52.874172	1.9596912	0.0	0.0	8
C11orf96	52.82504	2.162628	0.0	0.0	8
EIF4EBP1	51.52966	1.6740808	0.0	0.0	8
PCOLCE2	51.197845	1.5280265	0.0	0.0	8
HMOX1	51.158794	1.8826821	0.0	0.0	8
PLA2G2A	50.85892	5.444999	0.0	0.0	8
EPRS	50.686325	1.4472678	0.0	0.0	8
TIMP3	50.607998	2.1201894	0.0	0.0	8
MTRNR2L12	50.21736	1.5293522	0.0	0.0	8
TIMP2	50.186058	1.4371412	0.0	0.0	8
ATP6V1G1	49.973495	0.9863142	0.0	0.0	8
FGFBP2	49.77812	2.186005	0.0	0.0	8
TGM2	49.599148	2.1078167	0.0	0.0	8
SERPINA5	49.57002	2.2857273	0.0	0.0	8
GFPT1	49.48428	1.5077142	0.0	0.0	8
CAVIN3	49.385735	1.7202579	0.0	0.0	8
BMP6	49.35912	1.7824231	0.0	0.0	8
CLU	49.26953	1.7050868	0.0	0.0	8
A2M	49.164417	3.6108725	0.0	0.0	8
PPDPF	48.509933	1.2474414	0.0	0.0	8
RPS9	48.499172	0.71317947	0.0	0.0	8
LTBP3	48.319202	1.6291039	0.0	0.0	8
MTRNR2L8	48.095325	1.9462298	0.0	0.0	8
CDO1	48.06937	2.1631875	0.0	0.0	8
IGFBP6	48.034477	2.108231	0.0	0.0	8
CLINT1	47.454372	1.2174697	0.0	0.0	8
PMP22	46.994854	1.3610268	0.0	0.0	8
SEC61G	43.09015	1.2967876	0.0	0.0	9
MANF	39.557934	2.1470501	0.0	0.0	9
HSPA5	39.539913	2.0619795	0.0	0.0	9
FAU	38.436962	0.63285476	0.0	0.0	9
SEC61B	38.41693	1.1621468	0.0	0.0	9
SERP1	37.48697	1.4744991	1.5017952041576046e-307	3.4436164031333873e-304	9
PPIB	37.447395	1.060059	6.622425088563981e-307	1.4017126825917423e-303	9
DNAJC3	36.754192	1.7504816	9.965262908864255e-296	1.95860124428792e-292	9
TMSB10	36.37686	2.0928383	9.886023509238283e-290	1.8134921525346706e-286	9
PDIA3	35.02596	1.1373438	9.058803840544186e-269	1.3847891470911878e-265	9
SELENOK	34.95072	1.403519	1.2626739272056096e-267	1.7371867890494778e-264	9
CYCS	34.493572	1.3903599	1.0014796583183148e-260	1.3122244894422261e-257	9
DNAJB11	34.431953	1.6719179	8.387679933143507e-260	1.0490700047289852e-256	9
HSP90B1	34.274086	1.2402965	1.9094273181695732e-257	2.2843392211632165e-254	9
MAP1LC3B	34.082058	1.25734	1.3605343747815888e-254	1.5598526606870915e-251	9
DYNLL1	33.963776	1.3646215	7.637812839846065e-253	7.505787789328726e-250	9
SDF2L1	33.44966	1.9054172	2.6030275589048795e-245	2.3874968770275557e-242	9
SF3B5	33.381706	1.3864608	2.5266974874583713e-244	2.2427292924162754e-241	9
RPL36AL	33.352936	0.7267029	6.60496062544751e-244	5.679440517806678e-241	9
CALR	33.2715	1.1425203	9.978674618082317e-243	8.07568267032803e-240	9
PDIA6	33.115856	1.2109624	1.7572918857247736e-240	1.381532672217225e-237	9
ARF4	32.764248	1.0801219	1.902973618559828e-235	1.4545061691192284e-232	9
DNAJB9	32.49272	1.5838939	1.3510819145148745e-231	1.0047667556700348e-228	9
NDUFA4L2	32.132874	1.5162779	1.5323605622117479e-226	1.0811393135850886e-223	9
SELENOS	31.839422	1.1898063	1.8440991021827914e-222	1.2685557723915423e-219	9
SELENOM	31.537739	0.8899328	2.640878009924359e-218	1.772351202953138e-215	9
PPP1R15A	31.105778	1.5725571	2.0120023379537893e-212	1.2874943332822433e-209	9
ARL6IP1	30.74173	1.4171132	1.5772216469688262e-207	9.041423091248795e-205	9
SSR3	30.042023	0.87335694	2.7753358882548483e-198	1.4973753392396158e-195	9
CALM1	29.861351	1.327557	6.253146517720083e-196	3.1863255478071446e-193	9
HYOU1	29.633179	1.8977989	5.587103260000298e-193	2.7452630946815747e-190	9
DNAJA1	29.48693	1.1828297	4.234657819927415e-191	2.008980078846944e-188	9
TMED9	29.240602	0.9094235	5.912604610952547e-188	2.75747844872831e-185	9
MYDGF	29.100586	0.8734847	3.5291757458370583e-186	1.5919475380729917e-183	9
H2AFZ	28.875147	1.027943	2.4499325558423387e-183	1.0700372096279015e-180	9
ATP2A2	28.359001	1.693941	6.482662924298567e-177	2.744260815769221e-174	9
TMED5	28.290827	1.2757732	4.481516047305459e-176	1.868384781176621e-173	9
UFM1	28.228321	1.1993715	2.627379774304511e-175	1.0790295801457152e-172	9
CRELD2	28.136349	1.7566096	3.52067039842673e-174	1.4039821258421725e-171	9
SAP18	27.986439	0.7621995	2.376137989935835e-172	9.208706046630201e-170	9
GLRX	27.618029	2.2314298	6.75969547153977e-168	2.513510548579572e-165	9
CHCHD2	27.527449	0.7659004	8.241751004948286e-167	2.9839476401599607e-164	9
RPS27L	27.014647	0.95224345	9.945520284413427e-161	3.3785300758755536e-158	9
TMED7	26.957275	1.246833	4.6873898790335886e-160	1.5729051208718075e-157	9
AMD1	26.778326	1.2810973	5.779428925153339e-158	1.893175789339515e-155	9
CDK2AP2	26.74713	1.4209569	1.333491778730904e-157	4.316748209830536e-155	9
TXNRD1	26.5889	1.6982032	9.122751818870434e-156	2.88530619595447e-153	9
BTG1	26.268772	1.0912054	4.362837638573579e-152	1.3641800052612567e-149	9
SNU13	26.259615	0.7786754	5.550903689758586e-152	1.6970962880821916e-149	9
MIF	26.000383	0.97706485	4.902864159316003e-149	1.482496815469661e-146	9
ACTB	76.87579	2.0759382	0.0	0.0	10
TXN	76.71081	2.4337144	0.0	0.0	10
TKT	74.685135	2.3912742	0.0	0.0	10
MYL6	74.20675	1.7442162	0.0	0.0	10
MGST1	73.765915	3.257056	0.0	0.0	10
CFL1	72.555145	1.8950995	0.0	0.0	10
AKR1C1	71.94622	4.012053	0.0	0.0	10
GPX4	71.18484	1.9004593	0.0	0.0	10
PRDX1	70.87168	1.631412	0.0	0.0	10
ANXA2	69.97442	1.7755547	0.0	0.0	10
CLIC1	68.94362	1.7132176	0.0	0.0	10
GTF3C6	66.881935	2.0435495	0.0	0.0	10
ATP5F1E	66.55536	1.2914805	0.0	0.0	10
S100A11	66.34254	1.8478552	0.0	0.0	10
DYNLL1	66.230835	1.9045043	0.0	0.0	10
NDUFA4	65.92324	1.6096787	0.0	0.0	10
MYL12B	65.3326	1.480815	0.0	0.0	10
PDCD5	65.275764	1.7703316	0.0	0.0	10
BZW1	64.184006	1.8618243	0.0	0.0	10
AKR1C2	64.04993	3.3406765	0.0	0.0	10
NQO1	63.454033	3.116414	0.0	0.0	10
PARK7	63.308544	1.2984627	0.0	0.0	10
MYL12A	63.155266	1.6894194	0.0	0.0	10
NME1	62.8492	2.1264923	0.0	0.0	10
YWHAB	62.417114	1.5878153	0.0	0.0	10
SH3BGRL3	61.97605	1.6030041	0.0	0.0	10
DRAP1	61.675934	1.7222271	0.0	0.0	10
PSMA7	61.364937	1.3906211	0.0	0.0	10
HMGB1	61.135326	1.171813	0.0	0.0	10
TOMM6	61.03359	1.4419184	0.0	0.0	10
PHB	60.720654	2.0285215	0.0	0.0	10
NDUFS6	60.633713	1.6141962	0.0	0.0	10
TMEM14B	60.13727	1.7566411	0.0	0.0	10
RPS19BP1	59.876915	1.6095127	0.0	0.0	10
UBL5	59.773796	1.2481798	0.0	0.0	10
ATP6V0E1	59.64664	1.3664517	0.0	0.0	10
HSP90AA1	59.63174	1.3926843	0.0	0.0	10
LGALS3	59.2843	1.6438804	0.0	0.0	10
NDUFV2	59.182823	1.4107547	0.0	0.0	10
GADD45GIP1	59.158684	1.6735679	0.0	0.0	10
ASPH	59.101025	2.3358724	0.0	0.0	10
MRPL20	58.892338	1.4867308	0.0	0.0	10
PTTG1IP	58.395794	1.7297045	0.0	0.0	10
ATP5MC3	58.341644	1.4460696	0.0	0.0	10
CALM1	58.338024	1.6596035	0.0	0.0	10
CCT5	58.301758	1.548036	0.0	0.0	10
PRELID1	57.77673	1.3580619	0.0	0.0	10
PKM	57.618977	1.6170471	0.0	0.0	10
NDUFB10	57.577354	1.6409391	0.0	0.0	10
GPX3	57.533333	2.2825217	0.0	0.0	10
RPL13A	68.666016	1.7134737	0.0	0.0	11
RPS11	58.48932	1.1859461	0.0	0.0	11
RPS20	58.159233	1.4898001	0.0	0.0	11
RPL21	58.031292	1.0682473	0.0	0.0	11
RPL3	56.677948	1.1348513	0.0	0.0	11
PLCG2	56.339718	2.4346657	0.0	0.0	11
RPL31	55.9708	1.432397	0.0	0.0	11
RPL23A	55.936703	1.0398213	0.0	0.0	11
RPL13	55.92586	0.9700116	0.0	0.0	11
RPS6	55.577526	1.0362117	0.0	0.0	11
RPL27A	54.909042	1.375931	0.0	0.0	11
PPDPF	54.749344	1.7818574	0.0	0.0	11
RPS9	53.2861	0.97160727	0.0	0.0	11
RPS18	52.34369	0.997555	0.0	0.0	11
RPS16	52.213097	0.99311125	0.0	0.0	11
C7orf50	51.601673	2.348719	0.0	0.0	11
RPS14	51.405003	0.89595675	0.0	0.0	11
RPS25	51.011185	0.9086722	0.0	0.0	11
RPL19	50.105125	0.82766885	0.0	0.0	11
NOP53	49.82728	1.6481444	0.0	0.0	11
SOX9-AS1	49.106705	3.2093525	0.0	0.0	11
HIST1H4C	48.181305	2.1214206	0.0	0.0	11
TIMP3	48.150227	2.8842986	0.0	0.0	11
S100A13	48.146595	1.650237	0.0	0.0	11
RPS27	47.89463	0.8375476	0.0	0.0	11
EEF1B2	47.27575	1.0950452	0.0	0.0	11
GAS5	47.249237	1.6176903	0.0	0.0	11
F13A1	46.57561	2.7924912	0.0	0.0	11
RPL18	46.468395	0.7852863	0.0	0.0	11
RPL10A	46.00025	1.0588765	0.0	0.0	11
RPL17	45.858006	0.81336516	0.0	0.0	11
HMGB2	45.298946	1.6419959	0.0	0.0	11
HIST1H1C	45.14624	2.535022	0.0	0.0	11
SNHG32	45.109215	1.6891079	0.0	0.0	11
RPSA	44.869812	0.946173	0.0	0.0	11
RPS26	44.6734	1.1320652	0.0	0.0	11
EEF1G	44.660942	0.91761374	0.0	0.0	11
HLA-B	44.619076	1.4291954	0.0	0.0	11
AK1	44.12247	1.6619292	0.0	0.0	11
CD14	43.968285	3.3871777	0.0	0.0	11
RPL23	43.87347	0.9922741	0.0	0.0	11
RPL37A	43.518166	0.83156765	0.0	0.0	11
RPL7	43.46092	0.9566013	0.0	0.0	11
GALNT15	43.30011	2.2355402	0.0	0.0	11
RPL9	42.983955	0.7710078	0.0	0.0	11
SLPI	42.81379	2.4143958	0.0	0.0	11
GPX3	42.728516	2.1284873	0.0	0.0	11
SPINT2	42.092876	1.7303455	0.0	0.0	11
TSPO	41.994328	1.5730405	0.0	0.0	11
CP	41.986305	2.1687934	0.0	0.0	11
