ID,Description,setSize,enrichmentScore,NES,pvalue,p.adjust,qvalue,rank,leading_edge,core_enrichment,collection
REACTOME_RNA_POLYMERASE_I_TRANSCRIPTION,REACTOME_RNA_POLYMERASE_I_TRANSCRIPTION,73,-0.9528067001894437,-1.868389914107317,1.1053747640270963e-14,6.361431766975939e-12,5.980659249578184e-12,210,"tags=34%, list=2%, signal=34%",H4C14/H3C6/H3C1/H4C1/H2AC19/H4C5/H4C16/H3C10/POLR1G/H2AC20/H2AC8/H2BC11/H2BC15/H4C8/H2BC5/H2BC21/H2AC6/H2AX/H4C3/H2AZ2/POLR1F/POLR1H/H2AJ/H3-3A/H3-3B,Reactome
REACTOME_RNA_POLYMERASE_I_PROMOTER_ESCAPE,REACTOME_RNA_POLYMERASE_I_PROMOTER_ESCAPE,53,-0.9656766953098288,-1.8640198189545374,6.537719957477769e-14,2.5083052236856373e-11,2.358167058346367e-11,210,"tags=47%, list=2%, signal=47%",H4C14/H3C6/H3C1/H4C1/H2AC19/H4C5/H4C16/H3C10/POLR1G/H2AC20/H2AC8/H2BC11/H2BC15/H4C8/H2BC5/H2BC21/H2AC6/H2AX/H4C3/H2AZ2/POLR1F/POLR1H/H2AJ/H3-3A/H3-3B,Reactome
REACTOME_FORMATION_OF_THE_BETA_CATENIN_TCF_TRANSACTIVATING_COMPLEX,REACTOME_FORMATION_OF_THE_BETA_CATENIN_TCF_TRANSACTIVATING_COMPLEX,52,-0.9652555893382475,-1.8581013460279658,2.3596402436299513e-13,6.789864801045185e-11,6.383447816977869e-11,210,"tags=42%, list=2%, signal=42%",H4C14/H3C6/H3C1/H4C1/H2AC19/H4C5/H4C16/H3C10/H2AC20/H2AC8/H2BC11/H2BC15/H4C8/H2BC5/H2BC21/H2AC6/H2AX/H4C3/H2AZ2/H2AJ/H3-3A/H3-3B,Reactome
REACTOME_SENESCENCE_ASSOCIATED_SECRETORY_PHENOTYPE_SASP,REACTOME_SENESCENCE_ASSOCIATED_SECRETORY_PHENOTYPE_SASP,67,-0.9485031426416155,-1.8547986597362989,7.942280154034985e-13,1.7479127928882926e-10,1.6432889945485983e-10,210,"tags=33%, list=2%, signal=32%",H4C14/H3C6/H3C1/H4C1/H2AC19/H4C5/H4C16/H3C10/H2AC20/H2AC8/H2BC11/H2BC15/H4C8/H2BC5/H2BC21/H2AC6/H2AX/H4C3/H2AZ2/H2AJ/H3-3A/H3-3B,Reactome
REACTOME_RUNX1_REGULATES_TRANSCRIPTION_OF_GENES_INVOLVED_IN_DIFFERENTIATION_OF_HSCS,REACTOME_RUNX1_REGULATES_TRANSCRIPTION_OF_GENES_INVOLVED_IN_DIFFERENTIATION_OF_HSCS,73,-0.9385480813740547,-1.8404297207349605,5.852115406999262e-12,8.419731041820189e-10,7.915756103151634e-10,210,"tags=32%, list=2%, signal=31%",H4C14/H3C6/H3C1/H4C1/H2AC19/H4C5/H4C16/H3C10/H2AC20/H2AC8/H2BC11/H2BC15/H4C8/H2BC5/H2BC21/H2AC6/H2AX/H4C3/H2AZ2/H2AJ/H3-3A/PSMA2/H3-3B,Reactome
REACTOME_TRANSCRIPTIONAL_REGULATION_BY_SMALL_RNAS,REACTOME_TRANSCRIPTIONAL_REGULATION_BY_SMALL_RNAS,68,-0.9427002138329615,-1.8401841323342967,9.369772873440691e-12,1.1982898419255817e-9,1.1265645045493605e-9,210,"tags=32%, list=2%, signal=32%",H4C14/H3C6/H3C1/H4C1/H2AC19/H4C5/H4C16/H3C10/H2AC20/H2AC8/H2BC11/H2BC15/H4C8/H2BC5/H2BC21/H2AC6/H2AX/H4C3/H2AZ2/H2AJ/H3-3A/H3-3B,Reactome
REACTOME_HDACS_DEACETYLATE_HISTONES,REACTOME_HDACS_DEACETYLATE_HISTONES,53,-0.9526477473507666,-1.838870390233958,3.878785468317685e-11,3.1889157671668962e-9,2.9980386928049474e-9,226,"tags=40%, list=2%, signal=39%",H2AC12/H4C14/H3C6/H3C1/H4C1/H2AC19/H4C5/H2AC11/H4C16/H3C10/H2BC18/H2AC25/H2AC20/H2AC8/H2BC11/H2BC15/H4C8/H2BC5/H2BC21/H2AC6/H4C3,Reactome
REACTOME_OXIDATIVE_STRESS_INDUCED_SENESCENCE,REACTOME_OXIDATIVE_STRESS_INDUCED_SENESCENCE,81,-0.9337332491525626,-1.838578037704681,1.0630225499755038e-12,1.7479127928882926e-10,1.6432889945485983e-10,210,"tags=27%, list=2%, signal=27%",H4C14/H3C6/H3C1/H4C1/H2AC19/H4C5/H4C16/H3C10/H2AC20/H2AC8/H2BC11/H2BC15/H4C8/H2BC5/H2BC21/H2AC6/H2AX/H4C3/H2AZ2/H2AJ/H3-3A/H3-3B,Reactome
REACTOME_DISEASES_OF_PROGRAMMED_CELL_DEATH,REACTOME_DISEASES_OF_PROGRAMMED_CELL_DEATH,60,-0.9512369313262403,-1.8375564005821157,1.918273644663134e-11,1.6984099730825132e-9,1.5967492362054264e-9,210,"tags=37%, list=2%, signal=36%",H4C14/H3C6/H3C1/H4C1/H2AC19/H4C5/H4C16/H3C10/H2AC20/H2AC8/H2BC11/H2BC15/H4C8/H2BC5/H2BC21/H2AC6/H2AX/H4C3/H2AZ2/H2AJ/H3-3A/H3-3B,Reactome
REACTOME_ACTIVATION_OF_ANTERIOR_HOX_GENES_IN_HINDBRAIN_DEVELOPMENT_DURING_EARLY_EMBRYOGENESIS,REACTOME_ACTIVATION_OF_ANTERIOR_HOX_GENES_IN_HINDBRAIN_DEVELOPMENT_DURING_EARLY_EMBRYOGENESIS,79,-0.9331338395602065,-1.8342487108642982,1.0483896660902564e-12,1.7479127928882926e-10,1.6432889945485983e-10,210,"tags=28%, list=2%, signal=28%",H4C14/H3C6/H3C1/H4C1/H2AC19/H4C5/H4C16/H3C10/H2AC20/H2AC8/H2BC11/H2BC15/H4C8/H2BC5/H2BC21/H2AC6/H2AX/H4C3/H2AZ2/H2AJ/H3-3A/H3-3B,Reactome
REACTOME_CELLULAR_SENESCENCE,REACTOME_CELLULAR_SENESCENCE,144,-0.9027930889596886,-1.817814204747329,1.2024102328222514e-15,1.3839741779784114e-12,1.3011344414118678e-12,219,"tags=19%, list=2%, signal=19%",HMGA1/H4C14/H3C6/H1-3/H3C1/H4C1/H2AC19/H4C5/H4C16/H3C10/H1-1/H2AC20/H2AC8/H1-4/H2BC11/H2BC15/H4C8/H2BC5/H2BC21/H2AC6/H2AX/H4C3/H1-0/H2AZ2/H1-2/H2AJ/H3-3A/H3-3B,Reactome
REACTOME_PRC2_METHYLATES_HISTONES_AND_DNA,REACTOME_PRC2_METHYLATES_HISTONES_AND_DNA,34,-0.9778835346572249,-1.8175431724534612,1.2775672368230933e-11,1.3367998996212548e-9,1.256783846367598e-9,210,"tags=65%, list=2%, signal=64%",H4C14/H3C6/H3C1/H4C1/H2AC19/H4C5/H4C16/H3C10/H2AC20/H2AC8/H2BC11/H2BC15/H4C8/H2BC5/H2BC21/H2AC6/H2AX/H4C3/H2AZ2/H2AJ/H3-3A/H3-3B,Reactome
REACTOME_INHIBITION_OF_DNA_RECOMBINATION_AT_TELOMERE,REACTOME_INHIBITION_OF_DNA_RECOMBINATION_AT_TELOMERE,39,-0.9586489074150737,-1.8140590924476885,6.886913005086471e-9,3.0487834110978953e-7,2.866294157582548e-7,210,"tags=49%, list=2%, signal=48%",H4C14/H4C1/H2AC19/H4C5/H4C16/H2AC20/H2AC8/H2BC11/H2BC15/H4C8/H2BC5/H2BC21/H2AC6/H2AX/H4C3/H2AZ2/H2AJ/H3-3A/H3-3B,Reactome
REACTOME_DNA_DAMAGE_TELOMERE_STRESS_INDUCED_SENESCENCE,REACTOME_DNA_DAMAGE_TELOMERE_STRESS_INDUCED_SENESCENCE,49,-0.9469630117221983,-1.8133392522966776,7.402760611174407e-9,3.1557694309117563e-7,2.966876377499918e-7,219,"tags=47%, list=2%, signal=46%",HMGA1/H4C14/H1-3/H4C1/H2AC19/H4C5/H4C16/H1-1/H2AC20/H2AC8/H1-4/H2BC11/H2BC15/H4C8/H2BC5/H2BC21/H2AC6/H2AX/H4C3/H1-0/H2AZ2/H1-2/H2AJ,Reactome
REACTOME_GENE_SILENCING_BY_RNA,REACTOME_GENE_SILENCING_BY_RNA,89,-0.9146563016933694,-1.8108941431494145,4.3050237965953993e-11,3.3033882599208696e-9,3.105659272210576e-9,210,"tags=27%, list=2%, signal=27%",PLD6/TSNAX/H4C14/H3C6/H3C1/H4C1/H2AC19/H4C5/H4C16/H3C10/H2AC20/H2AC8/H2BC11/H2BC15/H4C8/H2BC5/H2BC21/H2AC6/H2AX/H4C3/H2AZ2/H2AJ/H3-3A/H3-3B,Reactome
REACTOME_REPRODUCTION,REACTOME_REPRODUCTION,79,-0.9182828306943434,-1.8050562813194837,1.0132566582747717e-10,6.479213409301456e-9,6.091390904716172e-9,210,"tags=28%, list=2%, signal=28%",H4C14/H3C6/H3C1/H4C1/H2AC19/H4C5/H4C16/H3C10/H2AC20/H2AC8/H2BC11/H2BC15/H4C8/H2BC5/H2BC21/H2AC6/H2AX/H4C3/H2AZ2/H2AJ/H3-3A/H3-3B,Reactome
REACTOME_ASSEMBLY_OF_THE_ORC_COMPLEX_AT_THE_ORIGIN_OF_REPLICATION,REACTOME_ASSEMBLY_OF_THE_ORC_COMPLEX_AT_THE_ORIGIN_OF_REPLICATION,30,-0.9793422016568765,-1.8015805166206922,6.650864882004211e-11,4.503026752462851e-9,4.233491701981628e-9,210,"tags=73%, list=2%, signal=72%",H4C14/H3C6/H3C1/H4C1/H2AC19/H4C5/H4C16/H3C10/H2AC20/H2AC8/H2BC11/H2BC15/H4C8/H2BC5/H2BC21/H2AC6/H2AX/H4C3/H2AZ2/H2AJ/H3-3A/H3-3B,Reactome
REACTOME_BASE_EXCISION_REPAIR,REACTOME_BASE_EXCISION_REPAIR,60,-0.9282062962986041,-1.7930668634217999,1.7219585117512052e-8,6.606580823418791e-7,6.211134561685049e-7,210,"tags=30%, list=2%, signal=30%",H4C14/H4C1/H2AC19/H4C5/H4C16/H2AC20/H2AC8/ADPRS/H2BC11/H2BC15/H4C8/H2BC5/H2BC21/H2AC6/H2AX/H4C3/H2AZ2/H2AJ,Reactome
REACTOME_RHO_GTPASES_ACTIVATE_PKNS,REACTOME_RHO_GTPASES_ACTIVATE_PKNS,51,-0.9310859852037803,-1.7889824094843338,5.104788149588798e-8,1.6321142111601962e-6,1.5344217011044692e-6,210,"tags=43%, list=2%, signal=43%",H4C14/H3C6/H3C1/H4C1/H2AC19/H4C5/H4C16/H3C10/H2AC20/H2AC8/H2BC11/H2BC15/H4C8/H2BC5/H2BC21/H2AC6/H2AX/H4C3/H2AZ2/H2AJ/H3-3A/H3-3B,Reactome
REACTOME_DEPOSITION_OF_NEW_CENPA_CONTAINING_NUCLEOSOMES_AT_THE_CENTROMERE,REACTOME_DEPOSITION_OF_NEW_CENPA_CONTAINING_NUCLEOSOMES_AT_THE_CENTROMERE,37,-0.9556446632924108,-1.7862779662090855,9.119942901053276e-8,2.832062018577743e-6,2.6625449312706753e-6,210,"tags=49%, list=2%, signal=48%",CENPW/H4C14/H4C1/H2AC19/H4C5/H4C16/H2AC20/H2AC8/H2BC11/H2BC15/H4C8/H2BC5/H2BC21/H2AC6/H2AX/H4C3/H2AZ2/H2AJ,Reactome
REACTOME_ESTROGEN_DEPENDENT_GENE_EXPRESSION,REACTOME_ESTROGEN_DEPENDENT_GENE_EXPRESSION,103,-0.8981561058916762,-1.7859227985247303,1.306882587282079e-10,7.916957147166699e-9,7.443076452775497e-9,210,"tags=21%, list=2%, signal=21%",H4C14/H3C6/H3C1/H4C1/H2AC19/H4C5/H4C16/H3C10/H2AC20/H2AC8/H2BC11/H2BC15/H4C8/H2BC5/H2BC21/H2AC6/H2AX/H4C3/H2AZ2/H2AJ/H3-3A/H3-3B,Reactome
REACTOME_AMYLOID_FIBER_FORMATION,REACTOME_AMYLOID_FIBER_FORMATION,57,-0.9201129319028231,-1.783970207035092,9.349987550473868e-8,2.832062018577743e-6,2.6625449312706753e-6,210,"tags=37%, list=2%, signal=36%",H4C14/H3C6/H3C1/H4C1/H2AC19/H4C5/H4C16/H3C10/H2AC20/H2AC8/H2BC11/H2BC15/H4C8/H2BC5/H2BC21/H2AC6/H2AX/H4C3/H2AZ1/H3-3A/H3-3B,Reactome
REACTOME_PRE_NOTCH_EXPRESSION_AND_PROCESSING,REACTOME_PRE_NOTCH_EXPRESSION_AND_PROCESSING,69,-0.9137161573172247,-1.7835122451637444,3.5099761809249835e-8,1.1882301718366635e-6,1.1171069702758153e-6,288,"tags=38%, list=2%, signal=37%",NOTCH2NLA/ST3GAL6/NOTCH4/ELF3/H4C14/H3C6/H3C1/H4C1/H2AC19/H4C5/H4C16/H3C10/H2AC20/H2AC8/H2BC11/H2BC15/H4C8/H2BC5/H2BC21/H2AC6/H2AX/H4C3/H2AZ2/H2AJ/H3-3A/H3-3B,Reactome
REACTOME_EPIGENETIC_REGULATION_OF_GENE_EXPRESSION_BY_MLL3_AND_MLL4_COMPLEXES,REACTOME_EPIGENETIC_REGULATION_OF_GENE_EXPRESSION_BY_MLL3_AND_MLL4_COMPLEXES,84,-0.9024213913929098,-1.7806110654337488,6.0435089580567855e-9,2.782431524289344e-7,2.615885140582053e-7,301,"tags=27%, list=2%, signal=27%",ACSL1/H4C14/H3C6/H3C1/H4C1/H2AC19/H4C5/H4C16/H3C10/H2AC20/H2AC8/H2BC11/H2BC15/H4C8/H2BC5/H2BC21/H2AC6/H2AX/H4C3/H2AZ2/H2AJ/H3-3A/H3-3B,Reactome
REACTOME_DNA_METHYLATION,REACTOME_DNA_METHYLATION,24,-0.9823155037514874,-1.780501356412821,1.3204051509360592e-9,7.237077755844782e-8,6.803892206327163e-8,210,"tags=92%, list=2%, signal=90%",H4C14/H3C6/H3C1/H4C1/H2AC19/H4C5/H4C16/H3C10/H2AC20/H2AC8/H2BC11/H2BC15/H4C8/H2BC5/H2BC21/H2AC6/H2AX/H4C3/H2AZ2/H2AJ/H3-3A/H3-3B,Reactome
REACTOME_RMTS_METHYLATE_HISTONE_ARGININES,REACTOME_RMTS_METHYLATE_HISTONE_ARGININES,48,-0.9296328368256508,-1.778360839071518,2.0144527795858858e-7,5.655207681227694e-6,5.316707207738872e-6,226,"tags=40%, list=2%, signal=39%",H2AC12/H4C14/H3C6/H3C1/H4C1/H2AC19/H4C5/H2AC11/H4C16/H3C10/H2AC25/H2AC20/H2AC8/H4C8/H2AC6/H2AX/H4C3/H2AZ2/H2AJ,Reactome
REACTOME_HCMV_LATE_EVENTS,REACTOME_HCMV_LATE_EVENTS,73,-0.9052232480276478,-1.7750819618439344,3.993929906338652e-8,1.3134323777702253e-6,1.2348150206665066e-6,296,"tags=30%, list=2%, signal=30%",CHMP4B/H2AC12/H4C14/H3C6/H3C1/H4C1/H2AC19/H4C5/H2AC11/H4C16/H3C10/H2BC18/H2AC25/H2AC20/H2AC8/H2BC11/H2BC15/H4C8/H2BC5/H2BC21/H2AC6/H4C3,Reactome
REACTOME_DNA_DOUBLE_STRAND_BREAK_RESPONSE,REACTOME_DNA_DOUBLE_STRAND_BREAK_RESPONSE,53,-0.9187533804159975,-1.7734450030167008,2.1333832078545606e-7,5.846485886287141e-6,5.496536184647841e-6,210,"tags=21%, list=2%, signal=20%",H4C14/H4C1/H4C5/H4C16/H2BC11/H2BC15/H4C8/H2BC5/H2BC21/H2AX/H4C3,Reactome
REACTOME_HCMV_EARLY_EVENTS,REACTOME_HCMV_EARLY_EVENTS,86,-0.8953170610824652,-1.7719003997607348,3.2780547870369736e-8,1.1433457757210777e-6,1.0749091933250426e-6,226,"tags=24%, list=2%, signal=24%",H2AC12/H4C14/H3C6/H3C1/H4C1/H2AC19/H4C5/H2AC11/H4C16/H3C10/H2BC18/H2AC25/H2AC20/H2AC8/H2BC11/H2BC15/H4C8/H2BC5/H2BC21/H2AC6/H4C3,Reactome
REACTOME_CONDENSATION_OF_PROPHASE_CHROMOSOMES,REACTOME_CONDENSATION_OF_PROPHASE_CHROMOSOMES,32,-0.9594222538315463,-1.7714993836435695,1.737049604532369e-7,5.1265233200429664e-6,4.819667998540554e-6,210,"tags=69%, list=2%, signal=68%",H4C14/H3C6/H3C1/H4C1/H2AC19/H4C5/H4C16/H3C10/H2AC20/H2AC8/H2BC11/H2BC15/H4C8/H2BC5/H2BC21/H2AC6/H2AX/H4C3/H2AZ2/H2AJ/H3-3A/H3-3B,Reactome
REACTOME_NONHOMOLOGOUS_END_JOINING_NHEJ,REACTOME_NONHOMOLOGOUS_END_JOINING_NHEJ,45,-0.922080755290341,-1.7596269064850993,5.241058020136268e-6,1.3405461735948546e-4,1.2603058818011893e-4,210,"tags=24%, list=2%, signal=24%",H4C14/H4C1/H4C5/H4C16/H2BC11/H2BC15/H4C8/H2BC5/H2BC21/H2AX/H4C3,Reactome
REACTOME_BASE_EXCISION_REPAIR_AP_SITE_FORMATION,REACTOME_BASE_EXCISION_REPAIR_AP_SITE_FORMATION,33,-0.9481321057330211,-1.7548184845004398,1.509641177983036e-6,4.040923246182499e-5,3.799048056221692e-5,210,"tags=52%, list=2%, signal=51%",H4C14/H4C1/H2AC19/H4C5/H4C16/H2AC20/H2AC8/H2BC11/H2BC15/H4C8/H2BC5/H2BC21/H2AC6/H2AX/H4C3/H2AZ2/H2AJ,Reactome
REACTOME_TRANSCRIPTIONAL_REGULATION_BY_RUNX1,REACTOME_TRANSCRIPTIONAL_REGULATION_BY_RUNX1,159,-0.8661338811721835,-1.7460895348400154,1.4318050478458504e-11,1.3733396750588115e-9,1.2911364817416968e-9,210,"tags=14%, list=2%, signal=14%",H4C14/H3C6/H3C1/H4C1/H2AC19/H4C5/H4C16/H3C10/H2AC20/H2AC8/H2BC11/H2BC15/H4C8/H2BC5/H2BC21/H2AC6/H2AX/H4C3/H2AZ2/H2AJ/H3-3A/PSMA2/H3-3B,Reactome
REACTOME_HATS_ACETYLATE_HISTONES,REACTOME_HATS_ACETYLATE_HISTONES,98,-0.8797360012850071,-1.7424544093570726,2.5309035239176193e-8,9.396999858158646e-7,8.834529108955221e-7,226,"tags=21%, list=2%, signal=21%",H2AC12/H4C14/H3C6/H3C1/H4C1/H2AC19/H4C5/H2AC11/H4C16/H3C10/H2BC18/H2AC25/H2AC20/H2AC8/H2BC11/H2BC15/H4C8/H2BC5/H2BC21/H2AC6/H4C3,Reactome
REACTOME_EPIGENETIC_REGULATION_BY_WDR5_CONTAINING_HISTONE_MODIFYING_COMPLEXES,REACTOME_EPIGENETIC_REGULATION_BY_WDR5_CONTAINING_HISTONE_MODIFYING_COMPLEXES,115,-0.8762090315391484,-1.74244629694548,2.815318224123086e-9,1.4729233072571236e-7,1.3847593944490587e-7,301,"tags=20%, list=2%, signal=20%",ACSL1/H4C14/H3C6/H3C1/H4C1/H2AC19/H4C5/H4C16/H3C10/H2AC20/H2AC8/H2BC11/H2BC15/H4C8/H2BC5/H2BC21/H2AC6/H2AX/H4C3/H2AZ2/H2AJ/H3-3A/H3-3B,Reactome
REACTOME_TCF_DEPENDENT_SIGNALING_IN_RESPONSE_TO_WNT,REACTOME_TCF_DEPENDENT_SIGNALING_IN_RESPONSE_TO_WNT,155,-0.8635667481185023,-1.7423122641967104,1.210426789086474e-11,1.3367998996212548e-9,1.256783846367598e-9,210,"tags=15%, list=2%, signal=15%",H4C14/H3C6/H3C1/H4C1/H2AC19/H4C5/H4C16/H3C10/H2AC20/H2AC8/H2BC11/H2BC15/H4C8/H2BC5/H2BC21/H2AC6/H2AX/H4C3/H2AZ2/H2AJ/H3-3A/PSMA2/H3-3B,Reactome
REACTOME_RECOGNITION_AND_ASSOCIATION_OF_DNA_GLYCOSYLASE_WITH_SITE_CONTAINING_AN_AFFECTED_PURINE,REACTOME_RECOGNITION_AND_ASSOCIATION_OF_DNA_GLYCOSYLASE_WITH_SITE_CONTAINING_AN_AFFECTED_PURINE,26,-0.9539445147649084,-1.742222114381538,1.1362094681054091e-5,2.7825044633815444e-4,2.615953713801479e-4,210,"tags=65%, list=2%, signal=64%",H4C14/H4C1/H2AC19/H4C5/H4C16/H2AC20/H2AC8/H2BC11/H2BC15/H4C8/H2BC5/H2BC21/H2AC6/H2AX/H4C3/H2AZ2/H2AJ,Reactome
REACTOME_HCMV_INFECTION,REACTOME_HCMV_INFECTION,109,-0.8644426634514336,-1.7165028422389914,1.8775580792201492e-7,5.402673372955979e-6,5.079288698521877e-6,296,"tags=20%, list=2%, signal=20%",CHMP4B/H2AC12/H4C14/H3C6/H3C1/H4C1/H2AC19/H4C5/H2AC11/H4C16/H3C10/H2BC18/H2AC25/H2AC20/H2AC8/H2BC11/H2BC15/H4C8/H2BC5/H2BC21/H2AC6/H4C3,Reactome
REACTOME_PROCESSING_OF_DNA_DOUBLE_STRAND_BREAK_ENDS,REACTOME_PROCESSING_OF_DNA_DOUBLE_STRAND_BREAK_ENDS,67,-0.8725246644430392,-1.7062226843957824,9.774322787285692e-6,2.4457055496012673e-4,2.2993143765056504e-4,210,"tags=16%, list=2%, signal=16%",H4C14/H4C1/H4C5/H4C16/H2BC11/H2BC15/H4C8/H2BC5/H2BC21/H2AX/H4C3,Reactome
REACTOME_CRISTAE_FORMATION,REACTOME_CRISTAE_FORMATION,31,-0.9253000031710324,-1.7053426366452726,8.356875347308409e-5,0.0018497622162984575,0.0017390420763224788,438,"tags=16%, list=4%, signal=16%",DMAC2L/MICOS10/MICOS13/ATP5MJ/ATP5MK,Reactome
REACTOME_SIGNALING_BY_NOTCH,REACTOME_SIGNALING_BY_NOTCH,169,-0.8426817822546736,-1.7030021394936503,5.301008899347235e-9,2.5422755179786113e-7,2.3901040125127004e-7,317,"tags=17%, list=3%, signal=17%",NOTCH2NLA/ST3GAL6/TACC3/PSEN2/NOTCH4/ELF3/H4C14/H3C6/H3C1/H4C1/H2AC19/H4C5/H4C16/H3C10/H2AC20/H2AC8/H2BC11/H2BC15/H4C8/H2BC5/H2BC21/H2AC6/H2AX/H4C3/H2AZ2/H2AJ/H3-3A/PSMA2/H3-3B,Reactome
REACTOME_METALLOPROTEASE_DUBS,REACTOME_METALLOPROTEASE_DUBS,26,-0.923215026451516,-1.6860997788844727,5.913089980679703e-4,0.01097736543187474,0.01032029966067697,226,"tags=27%, list=2%, signal=26%",H2AC12/H2AC19/H2AC11/H2AC25/H2AC20/H2AC8/H2AC6,Reactome
REACTOME_COOPERATION_OF_PREFOLDIN_AND_TRIC_CCT_IN_ACTIN_AND_TUBULIN_FOLDING,REACTOME_COOPERATION_OF_PREFOLDIN_AND_TRIC_CCT_IN_ACTIN_AND_TUBULIN_FOLDING,25,-0.9262731065503959,-1.6845581787756096,5.850776939858302e-4,0.01097736543187474,0.01032029966067697,2,"tags=8%, list=0%, signal=8%",CCT6B/PFDN5,Reactome
REACTOME_HDMS_DEMETHYLATE_HISTONES,REACTOME_HDMS_DEMETHYLATE_HISTONES,32,-0.910934073278812,-1.681969688433635,3.316963487385197e-4,0.006582456851690279,0.0061884545644863564,210,"tags=28%, list=2%, signal=28%",H4C14/H3C6/H3C1/H4C1/H4C5/H4C16/H3C10/H4C8/H4C3,Reactome
REACTOME_ESR_MEDIATED_SIGNALING,REACTOME_ESR_MEDIATED_SIGNALING,159,-0.8306761142919771,-1.6746081657074097,2.883951216387824e-8,1.0373212031444955e-6,9.752308718574617e-7,341,"tags=17%, list=3%, signal=17%",GTF2F2/GNAI1/AREG/GNG5/GNG10/H4C14/H3C6/H3C1/H4C1/H2AC19/H4C5/H4C16/H3C10/H2AC20/H2AC8/H2BC11/H2BC15/H4C8/H2BC5/H2BC21/H2AC6/H2AX/H4C3/H2AZ2/H2AJ/H3-3A/H3-3B,Reactome
REACTOME_FORMATION_OF_ATP_BY_CHEMIOSMOTIC_COUPLING,REACTOME_FORMATION_OF_ATP_BY_CHEMIOSMOTIC_COUPLING,18,-0.9544642159203218,-1.6698810265401052,7.415444375438627e-5,0.0016735640149274237,0.001573390468101323,438,"tags=17%, list=4%, signal=16%",DMAC2L/ATP5MJ/ATP5MK,Reactome
REACTOME_RNA_POLYMERASE_I_TRANSCRIPTION_TERMINATION,REACTOME_RNA_POLYMERASE_I_TRANSCRIPTION_TERMINATION,31,-0.9049790901696186,-1.6678908704741826,5.077460140657232e-4,0.009740261036494124,0.009157243902799359,104,"tags=16%, list=1%, signal=16%",GTF2H4/TAF1D/POLR1G/POLR1F/POLR1H,Reactome
REACTOME_PKMTS_METHYLATE_HISTONE_LYSINES,REACTOME_PKMTS_METHYLATE_HISTONE_LYSINES,48,-0.8718751781632657,-1.667872101741224,2.1156689386553313e-4,0.0044275180879859745,0.004162502715670202,210,"tags=21%, list=2%, signal=21%",KMT5A/H4C14/H3C6/H3C1/H4C1/H4C5/H4C16/H3C10/H4C8/H4C3,Reactome
REACTOME_G2_M_DNA_DAMAGE_CHECKPOINT,REACTOME_G2_M_DNA_DAMAGE_CHECKPOINT,65,-0.852391517874564,-1.6611891213969823,8.634295038968846e-5,0.001875108224500593,0.0017628709632691111,210,"tags=22%, list=2%, signal=21%",RAD50/BLM/SFN/H4C14/H4C1/H4C5/H4C16/H2BC11/H2BC15/H4C8/H2BC5/H2BC21/H2AX/H4C3,Reactome
REACTOME_SIGNALING_BY_WNT,REACTOME_SIGNALING_BY_WNT,226,-0.8172608368591676,-1.6512745817978953,3.6573445778860677e-10,2.104801804573432e-8,1.9788159084562515e-8,333,"tags=12%, list=3%, signal=12%",TLE5/GNG5/GNG10/ROR2/H4C14/H3C6/H3C1/H4C1/H2AC19/SMURF1/H4C5/H4C16/H3C10/H2AC20/H2AC8/H2BC11/H2BC15/H4C8/H2BC5/H2BC21/H2AC6/H2AX/H4C3/H2AZ2/H2AJ/H3-3A/PSMA2/H3-3B,Reactome
REACTOME_EPIGENETIC_REGULATION_OF_GENE_EXPRESSION,REACTOME_EPIGENETIC_REGULATION_OF_GENE_EXPRESSION,247,-0.8159184935908251,-1.6499182767649283,6.013508067127846e-11,4.325967365790094e-9,4.067030455925938e-9,301,"tags=11%, list=2%, signal=10%",ACSL1/H4C14/H3C6/H3C1/H4C1/H2AC19/H4C5/H4C16/H3C10/POLR1G/H2AC20/H2AC8/H2BC11/H2BC15/H4C8/H2BC5/H2BC21/H2AC6/H2AX/H4C3/H2AZ2/POLR1F/POLR1H/H2AJ/H3-3A/H3-3B,Reactome
REACTOME_NUCLEOTIDE_BIOSYNTHESIS,REACTOME_NUCLEOTIDE_BIOSYNTHESIS,13,-0.9596555324106506,-1.6384784763495395,6.592652622150401e-4,0.011856473700148612,0.011146787657188507,77,"tags=23%, list=1%, signal=23%",PPAT/ADSS1/ADSS2,Reactome
REACTOME_FORMATION_OF_SENESCENCE_ASSOCIATED_HETEROCHROMATIN_FOCI_SAHF,REACTOME_FORMATION_OF_SENESCENCE_ASSOCIATED_HETEROCHROMATIN_FOCI_SAHF,16,-0.9497992618703408,-1.6367863758947871,4.3686702849468314e-4,0.008522609318599666,0.00801247645481774,219,"tags=38%, list=2%, signal=37%",HMGA1/H1-3/H1-1/H1-4/H1-0/H1-2,Reactome
REACTOME_SELENOAMINO_ACID_METABOLISM,REACTOME_SELENOAMINO_ACID_METABOLISM,110,-0.823192770833132,-1.6361253329385779,1.4365213494445603e-5,3.381580201601733e-4,3.1791709243647007e-4,101,"tags=8%, list=1%, signal=8%",CTH/MARS1/KARS1/IARS1/RARS1/LARS1/DARS1/EPRS1/SARS1,Reactome
REACTOME_RHO_GTPASE_EFFECTORS,REACTOME_RHO_GTPASE_EFFECTORS,223,-0.8080173063836241,-1.6336990269251885,1.1853770959747412e-8,4.872746562381883e-7,4.581081408503887e-7,210,"tags=10%, list=2%, signal=10%",H4C14/H3C6/H3C1/H4C1/H2AC19/H4C5/H4C16/H3C10/H2AC20/H2AC8/H2BC11/H2BC15/H4C8/H2BC5/H2BC21/H2AC6/H2AX/H4C3/H2AZ2/H2AJ/H3-3A/H3-3B,Reactome
REACTOME_CHROMATIN_ORGANIZATION,REACTOME_CHROMATIN_ORGANIZATION,228,-0.8003326950420493,-1.6161489679753562,1.3944344007451398e-8,5.534462052612607e-7,5.2031889799129e-7,226,"tags=11%, list=2%, signal=11%",H2AC12/H4C14/H3C6/H3C1/H4C1/H2AC19/H4C5/H2AC11/H4C16/H3C10/H2BC18/H2AC25/H2AC20/H2AC8/H2BC11/H2BC15/H4C8/H2BC5/H2BC21/H2AC6/H2AX/H4C3/H2AZ2/H2AJ,Reactome
REACTOME_G2_M_CHECKPOINTS,REACTOME_G2_M_CHECKPOINTS,117,-0.8091730788341769,-1.6088048232942103,5.675827690953262e-5,0.001306575534457441,0.0012283686034315691,210,"tags=18%, list=2%, signal=18%",WEE1/CCNA1/YWHAH/PSMD12/CDC6/RAD50/PSMA6/BLM/SFN/H4C14/H4C1/H4C5/H4C16/H2BC11/H2BC15/H4C8/H2BC5/H2BC21/H2AX/H4C3/PSMA2,Reactome
REACTOME_PURINE_RIBONUCLEOSIDE_MONOPHOSPHATE_BIOSYNTHESIS,REACTOME_PURINE_RIBONUCLEOSIDE_MONOPHOSPHATE_BIOSYNTHESIS,10,-0.9654991110818911,-1.6012154410165251,0.0010377694003607637,0.018098069391139983,0.01701478378900901,77,"tags=30%, list=1%, signal=30%",PPAT/ADSS1/ADSS2,Reactome
REACTOME_HOMOLOGY_DIRECTED_REPAIR,REACTOME_HOMOLOGY_DIRECTED_REPAIR,99,-0.8057082116447859,-1.5965265428109403,1.641343715407262e-4,0.0034984937341365893,0.0032890864316543183,210,"tags=11%, list=2%, signal=11%",H4C14/H4C1/H4C5/H4C16/H2BC11/H2BC15/H4C8/H2BC5/H2BC21/H2AX/H4C3,Reactome
REACTOME_UCH_PROTEINASES,REACTOME_UCH_PROTEINASES,77,-0.8052002642068492,-1.5800931750733047,7.876478760289717e-4,0.013947426235528408,0.013112583264093652,353,"tags=14%, list=3%, signal=14%",PSMA6/ASXL1/INO80C/H2AC12/H2AC19/H2AC11/H2AC25/H2AC20/H2AC8/H2AC6/PSMA2,Reactome
REACTOME_SIGNALING_BY_NUCLEAR_RECEPTORS,REACTOME_SIGNALING_BY_NUCLEAR_RECEPTORS,206,-0.7764227252917952,-1.5678805116147285,1.6080644011293252e-6,4.206550285681485e-5,3.9547612544520246e-5,341,"tags=14%, list=3%, signal=13%",AREG/GNG5/CRABP2/GNG10/H4C14/H3C6/H3C1/APOD/H4C1/H2AC19/H4C5/FABP5/H4C16/H3C10/H2AC20/H2AC8/H2BC11/H2BC15/H4C8/H2BC5/H2BC21/H2AC6/H2AX/H4C3/H2AZ2/H2AJ/H3-3A/H3-3B,Reactome
REACTOME_M_PHASE,REACTOME_M_PHASE,316,-0.7709886629376025,-1.5588858915187551,3.0245376934218078e-9,1.513583863099348e-7,1.4229861550744249e-7,603,"tags=11%, list=5%, signal=11%",LEMD2/PSMA6/RANGAP1/RAB1A/LBR/KMT5A/NUP42/CEP63/GORASP2/SET/CHMP4B/H4C14/H3C6/H3C1/H4C1/H2AC19/H4C5/H4C16/H3C10/H2AC20/H2AC8/CEP43/H2BC11/H2BC15/H4C8/H2BC5/H2BC21/H2AC6/H2AX/H4C3/H2AZ2/H2AJ/H3-3A/PSMA2/H3-3B,Reactome
REACTOME_UB_SPECIFIC_PROCESSING_PROTEASES,REACTOME_UB_SPECIFIC_PROCESSING_PROTEASES,150,-0.7680257311629667,-1.5495329602689596,2.6954399307941164e-4,0.005540091714900049,0.005208481670782616,226,"tags=9%, list=2%, signal=9%",H2AC12/H2AC19/H2AC11/H2BC18/H2AC25/H2AC20/H2AC8/H2BC11/H2BC15/H2BC5/H2BC21/H2AC6/PSMA2,Reactome
REACTOME_MITOCHONDRIAL_BIOGENESIS,REACTOME_MITOCHONDRIAL_BIOGENESIS,85,-0.7828300979591599,-1.548251438327402,0.002600683087131632,0.04276266047555012,0.04020304080558373,1130,"tags=13%, list=9%, signal=12%",MEF2D/SMARCD3/PRKAG2/NR1D1/GABPB1/DMAC2L/MICOS10/MICOS13/PRKAG1/ATP5MJ/ATP5MK,Reactome
REACTOME_DNA_DOUBLE_STRAND_BREAK_REPAIR,REACTOME_DNA_DOUBLE_STRAND_BREAK_REPAIR,127,-0.7765315266382526,-1.5450231078158967,3.0518734764360374e-4,0.006162642756803296,0.005793769037444592,210,"tags=9%, list=2%, signal=9%",H4C14/H4C1/H4C5/H4C16/H2BC11/H2BC15/H4C8/H2BC5/H2BC21/H2AX/H4C3,Reactome
REACTOME_DNA_REPAIR,REACTOME_DNA_REPAIR,275,-0.7402304507364043,-1.4962928035272034,1.4395953942526927e-5,3.381580201601733e-4,3.1791709243647007e-4,210,"tags=7%, list=2%, signal=7%",INO80C/H4C14/H4C1/H2AC19/H4C5/H4C16/H2AC20/H2AC8/ADPRS/H2BC11/H2BC15/H4C8/H2BC5/H2BC21/H2AC6/H2AX/H4C3/H2AZ2/H2AJ,Reactome
HALLMARK_IL2_STAT5_SIGNALING,HALLMARK_IL2_STAT5_SIGNALING,156,0.4750085166528055,1.548409260965666,0.001527435530216427,0.02598176374458596,0.02442658843974061,854,"tags=16%, list=7%, signal=15%",RGS16/PTGER2/MUC1/LRIG1/TNFSF10/POU2F1/IGF1R/AHNAK/CYFIP1/PHLDA1/PRKCH/IFITM3/NCOA3/MYO1C/CCND2/NT5E/TTC39B/NFKBIZ/IKZF2/CD83/ECM1/CTSZ/LIF/CASP3/PLAGL1,Hallmarks
HALLMARK_INFLAMMATORY_RESPONSE,HALLMARK_INFLAMMATORY_RESPONSE,116,0.518091284031991,1.6659796377885314,0.0015349782229642445,0.02598176374458596,0.02442658843974061,205,"tags=8%, list=2%, signal=8%",BDKRB1/RGS16/PTGER2/ICAM4/TNFSF10/OSMR/NFKBIA/ICAM1/BST2,Hallmarks
REACTOME_O_LINKED_GLYCOSYLATION,REACTOME_O_LINKED_GLYCOSYLATION,64,0.6299876432168364,1.8212532541960795,6.480087187173072e-4,0.011839016432438421,0.011130375318987333,678,"tags=28%, list=6%, signal=27%",POMK/MUC1/ADAMTS5/GALNT10/FUT10/THBS1/GALNT16/B3GNT9/THBS2/C1GALT1/GALNT18/ADAMTS6/FUT11/GALNT7/ADAMTS2/SPON1/C1GALT1C1/SBSPON,Reactome
REACTOME_CROSSLINKING_OF_COLLAGEN_FIBRILS,REACTOME_CROSSLINKING_OF_COLLAGEN_FIBRILS,12,0.8844589214285605,1.828882422761576,0.0023007955817544888,0.038379937892745165,0.03608265229662264,387,"tags=33%, list=3%, signal=32%",LOXL3/PXDN/LOX/LOXL4,Reactome
