category,subcategory,ID,Description,GeneRatio,BgRatio,RichFactor,FoldEnrichment,zScore,pvalue,p.adjust,qvalue,geneID,Count
Environmental Information Processing,Signaling molecules and interaction,hsa04060,Cytokine-cytokine receptor interaction,17/332,149/5974,0.11409395973154363,2.053003962157354,3.1573587663965634,0.0035234526988409797,0.5302682493364351,0.5302682493364351,4803/3589/943/3586/3600/55540/9235/8200/2688/8743/3624/1896/7124/7046/8741/2826/6352,17
Environmental Information Processing,Signal transduction,hsa04010,MAPK signaling pathway,24/332,246/5974,0.0975609756097561,1.7555098442550692,2.9353164927546556,0.004750174871119498,0.5302682493364351,0.5302682493364351,4803/2246/3925/5494/836/84867/5495/5534/7422/3479/3305/1849/7124/1847/3312/4217/4233/1943/7046/2122/1942/4772/5321/994,24
Environmental Information Processing,Signal transduction,hsa04014,Ras signaling pathway,19/332,180/5974,0.10555555555555556,1.8993641231593037,2.971880377260876,0.005002530654117312,0.5302682493364351,0.5302682493364351,4803/100271927/2246/5336/56924/7422/27/51196/3479/399694/2790/9771/4233/1943/5063/1942/5321/2787/10156,19
Human Diseases,Infectious disease: parasitic,hsa05145,Toxoplasmosis,11/332,93/5974,0.11827956989247312,2.1283197305350434,2.6600930313073974,0.013487417406955464,0.9089715241325015,0.9089715241325015,3586/836/79444/3305/7124/2770/3312/3909/3918/330/3717,11
Cellular Processes,Cell motility,hsa04820,Cytoskeleton in muscle cells,17/332,173/5974,0.09826589595375723,1.7681941639389933,2.48708930872762,0.015225232425926959,0.9089715241325015,0.9089715241325015,6712/23224/9672/287/22801/3930/2023/9260/6442/161176/7168/9172/1311/825/2335/2199/6385,17
Human Diseases,Endocrine and metabolic disease,hsa04933,AGE-RAGE signaling pathway in diabetic complications,10/332,88/5974,0.11363636363636363,2.0447699890470976,2.39497318103062,0.02332335163585918,0.9089715241325015,0.9089715241325015,5336/836/7422/51196/595/7124/2335/7046/3717/4772,10
Metabolism,Energy metabolism,hsa00910,Nitrogen metabolism,3/332,12/5974,0.25,4.498493975903615,2.9425545719936337,0.025719420900039255,0.9089715241325015,0.9089715241325015,768/767/771,3
Organismal Systems,Sensory system,hsa04750,Inflammatory mediator regulation of TRP channels,9/332,77/5974,0.11688311688311688,2.1031919887341575,2.363358778821165,0.026021651571592353,0.9089715241325015,0.9089715241325015,4803/623/5336/5029/3479/2150/5583/817/5321,9
NA,NA,hsa04382,Cornified envelope formation,10/332,93/5974,0.10752688172043011,1.9348361186682212,2.2039418237458155,0.03276226807760877,0.9089715241325015,0.9089715241325015,49861/5525/151516/25984/3909/3918/3872/6273/9517/1364,10
Environmental Information Processing,Signal transduction,hsa04310,Wnt signaling pathway,14/332,148/5974,0.0945945945945946,1.7021328557473137,2.0980395550799398,0.034892133687264876,0.9089715241325015,0.9089715241325015,4919/4920/164284/54894/57216/6425/147495/5534/595/6423/8313/817/8325/4772,14
NA,NA,hsa04518,Integrin signaling,12/332,121/5974,0.09917355371900827,1.7845265358956486,2.114753825261699,0.035711894835734496,0.9089715241325015,0.9089715241325015,83706/22801/55679/7422/3479/595/3386/1311/3909/2335/4233/3918,12
Organismal Systems,Development and regeneration,hsa04360,Axon guidance,14/332,151/5974,0.09271523178807947,1.6683156466927314,2.0176483003941286,0.04035750067466483,0.9089715241325015,0.9089715241325015,91584/5336/56924/5534/64218/2534/10371/2770/817/4233/1943/5063/1942/10512,14
Human Diseases,Infectious disease: parasitic,hsa05144,Malaria,5/332,35/5974,0.14285714285714285,2.5705679862306368,2.260387300230056,0.04234810159652187,0.9089715241325015,0.9089715241325015,3586/7124/1311/4035/4233,5
Human Diseases,Cancer: specific types,hsa05222,Small cell lung cancer,9/332,84/5974,0.10714285714285714,1.9279259896729777,2.0775146391779655,0.042450120947180654,0.9089715241325015,0.9089715241325015,836/79444/595/9618/3909/2335/3918/330/5915,9
Organismal Systems,Immune system,hsa04672,Intestinal immune network for IgA production,4/332,25/5974,0.16,2.8790361445783135,2.2836624575274067,0.04701056373123695,0.9089715241325015,0.9089715241325015,3586/3600/8741/2826,4
Organismal Systems,Immune system,hsa04650,Natural killer cell mediated cytotoxicity,8/332,78/5974,0.10256410256410256,1.8455359901143034,1.823263425889686,0.06662832137136661,0.9089715241325015,0.9089715241325015,5336/836/5534/8743/2534/399694/7124/4772,8
Environmental Information Processing,Signaling molecules and interaction,hsa04080,Neuroactive ligand-receptor interaction,12/332,135/5974,0.08888888888888889,1.5994645247657295,1.7088734105465215,0.07125520839526887,0.9089715241325015,0.9089715241325015,5031/57053/623/57152/5029/2688/2150/27346/153/1241/2898/2692,12
Cellular Processes,Cellular community - eukaryotes,hsa04530,Tight junction,12/332,135/5974,0.08888888888888889,1.5994645247657295,1.7088734105465215,0.07125520839526887,0.9089715241325015,0.9089715241325015,5571/49861/51422/23327/153562/595/154810/4217/11346/154796/54566/1364,12
Human Diseases,Immune disease,hsa05323,Rheumatoid arthritis,7/332,67/5974,0.1044776119402985,1.8799676317209135,1.756990332237132,0.07691436220310498,0.9089715241325015,0.9089715241325015,3589/527/3600/7422/7124/8741/6352,7
Human Diseases,Cardiovascular disease,hsa05410,Hypertrophic cardiomyopathy,7/332,67/5974,0.1044776119402985,1.8799676317209135,1.756990332237132,0.07691436220310498,0.9089715241325015,0.9089715241325015,5571/22801/51422/3479/6442/7124/7168,7
Metabolism,Glycan biosynthesis and metabolism,hsa00514,Other types of O-glycan biosynthesis,5/332,42/5974,0.11904761904761904,2.1421399885255306,1.8017402045448665,0.08131635227404095,0.9089715241325015,0.9089715241325015,29954/55568/57452/283464/8693,5
Organismal Systems,Aging,hsa04213,Longevity regulating pathway - multiple species,6/332,55/5974,0.10909090909090909,1.9629791894852133,1.740294849852123,0.08293421218948695,0.9089715241325015,0.9089715241325015,5571/51422/3479/3305/3312/1979,6
Human Diseases,Cancer: overview,hsa05205,Proteoglycans in cancer,14/332,170/5974,0.08235294117647059,1.4818568391211908,1.5460642733190633,0.08943596154157185,0.9089715241325015,0.9089715241325015,5336/287/836/7422/51196/3479/595/7124/2335/5329/817/4233/6385/8325,14
Metabolism,Amino acid metabolism,hsa00260,"Glycine, serine and threonine metabolism",4/332,31/5974,0.12903225806451613,2.3218033424018656,1.7897550059985368,0.09046165432677182,0.9089715241325015,0.9089715241325015,29958/2593/5224/1491,4
Organismal Systems,Endocrine system,hsa04913,Ovarian steroidogenesis,4/332,31/5974,0.12903225806451613,2.3218033424018656,1.7897550059985368,0.09046165432677182,0.9089715241325015,0.9089715241325015,3292/3479/1588/5321,4
Cellular Processes,Cellular community - eukaryotes,hsa04510,Focal adhesion,14/332,171/5974,0.08187134502923976,1.4731910096526455,1.5228495977510441,0.0927586260444539,0.9089715241325015,0.9089715241325015,22801/56924/7422/3479/595/2534/399694/1311/3909/2335/4233/3918/330/5063,14
Organismal Systems,Endocrine system,hsa04922,Glucagon signaling pathway,8/332,84/5974,0.09523809523809523,1.7137119908204246,1.5979152708168414,0.0935617947494537,0.9089715241325015,0.9089715241325015,5571/51422/5534/5315/3939/817/5224/150094,8
Metabolism,Glycan biosynthesis and metabolism,hsa00515,Mannose type O-glycan biosynthesis,3/332,20/5974,0.15,2.699096385542169,1.8461940927013205,0.09628629232434638,0.9089715241325015,0.9089715241325015,84197/29954/2218,3
Organismal Systems,Immune system,hsa04625,C-type lectin receptor signaling pathway,8/332,85/5974,0.09411764705882353,1.6935506732813608,1.5621244923011746,0.09857998673469769,0.9089715241325015,0.9089715241325015,3586/1959/5336/5534/7124/1960/4772/4046,8
Environmental Information Processing,Signal transduction,hsa04020,Calcium signaling pathway,13/332,158/5974,0.08227848101265822,1.4805170047277716,1.4848201894890964,0.09973006825142493,0.9089715241325015,0.9089715241325015,4803/2246/623/5336/490/5534/7422/51196/153/817/4233/219931/4772,13
Metabolism,Carbohydrate metabolism,hsa00010,Glycolysis / Gluconeogenesis,5/332,46/5974,0.10869565217391304,1.9558669460450497,1.5785960820993723,0.10990800068936406,0.9089715241325015,0.9089715241325015,5230/2023/5315/3939/5224,5
Environmental Information Processing,Signaling molecules and interaction,hsa04061,Viral protein interaction with cytokine and cytokine receptor,5/332,46/5974,0.10869565217391304,1.9558669460450497,1.5785960820993723,0.10990800068936406,0.9089715241325015,0.9089715241325015,3586/8743/7124/2826/6352,5
Human Diseases,Cancer: overview,hsa05206,MicroRNAs in cancer,12/332,146/5974,0.0821917808219178,1.47895692358475,1.4212218320373033,0.1113638298477685,0.9089715241325015,0.9089715241325015,5336/3925/836/7422/6935/595/399694/7168/4233/1943/1942/994,12
Cellular Processes,Cellular community - eukaryotes,hsa04520,Adherens junction,8/332,88/5974,0.09090909090909091,1.6358159912376782,1.4575095600453674,0.1145266603274087,0.9089715241325015,0.9089715241325015,2534/54922/57493/889/4233/7046/8936/5795,8
Organismal Systems,Nervous system,hsa04725,Cholinergic synapse,7/332,74/5974,0.0945945945945946,1.7021328557473137,1.4742050967079918,0.11540093671216856,0.9089715241325015,0.9089715241325015,2534/2790/2770/817/3717/56479/2787,7
Organismal Systems,Digestive system,hsa04970,Salivary secretion,5/332,47/5974,0.10638297872340426,1.9142527557036657,1.5263231866222533,0.11772978774246577,0.9089715241325015,0.9089715241325015,490/3783/153/1472/486,5
Cellular Processes,Transport and catabolism,hsa04148,Efferocytosis,11/332,133/5974,0.08270676691729323,1.4882235709756317,1.3811782114708402,0.11993236717330376,0.9089715241325015,0.9089715241325015,5031/3586/196527/836/5029/1849/1847/4035/817/3717/4772,11
Metabolism,Glycan biosynthesis and metabolism,hsa00603,Glycosphingolipid biosynthesis - globo and isoglobo series,2/332,11/5974,0.18181818181818182,3.2716319824753564,1.8291556831800846,0.12161801612006312,0.9089715241325015,0.9089715241325015,8706/28,2
Cellular Processes,Cell growth and death,hsa04217,Necroptosis,9/332,104/5974,0.08653846153846154,1.5571709916589433,1.3903843627162291,0.12286004022003448,0.9089715241325015,0.9089715241325015,55072/8743/8737/7124/128866/817/330/3717/5321,9
Organismal Systems,Endocrine system,hsa04921,Oxytocin signaling pathway,9/332,105/5974,0.08571428571428572,1.542340791738382,1.3599834516293545,0.12822583745034025,0.9089715241325015,0.9089715241325015,5571/51422/5534/1827/595/2770/817/4772/5321,9
Human Diseases,Infectious disease: bacterial,hsa05120,Epithelial cell signaling in Helicobacter pylori infection,6/332,62/5974,0.0967741935483871,1.741352506801399,1.4233186852539812,0.12837955951915214,0.9089715241325015,0.9089715241325015,5803/5336/527/836/4233/6352,6
Environmental Information Processing,Signaling molecules and interaction,hsa04512,ECM-receptor interaction,6/332,63/5974,0.09523809523809523,1.7137119908204246,1.3813748558940044,0.13569527983807234,0.9089715241325015,0.9089715241325015,22801/1311/3909/2335/3918/6385,6
Environmental Information Processing,Signal transduction,hsa04151,PI3K-Akt signaling pathway,19/332,262/5974,0.07251908396946564,1.3049066494987582,1.2242558848295575,0.1394991799171157,0.9089715241325015,0.9089715241325015,4803/2246/22801/7422/23678/2688/5525/3479/595/2790/1311/3909/2335/4233/3918/1943/3717/1942/2787,19
Human Diseases,Cancer: overview,hsa05200,Pathways in cancer,29/332,424/5974,0.06839622641509434,1.2307200500113662,1.195557676196021,0.139551980368569,0.9089715241325015,0.9089715241325015,2246/623/653689/5336/3600/836/79444/7422/112399/3479/595/7849/2790/2770/9618/3909/2335/2737/8313/817/4233/3918/7046/330/3717/5915/2122/8325/2787,29
Human Diseases,Immune disease,hsa05310,Asthma,2/332,12/5974,0.16666666666666666,2.998995983935743,1.6813391169003657,0.14079773516406802,0.9089715241325015,0.9089715241325015,3586/7124,2
Organismal Systems,Nervous system,hsa04724,Glutamatergic synapse,7/332,78/5974,0.08974358974358974,1.6148439913500152,1.3258129460639194,0.14118197502408122,0.9089715241325015,0.9089715241325015,5534/81539/2790/2770/2898/5321/2787,7
Environmental Information Processing,Signal transduction,hsa04066,HIF-1 signaling pathway,8/332,93/5974,0.08602150537634409,1.5478688949345774,1.2916394086226515,0.1439843322803106,0.9089715241325015,0.9089715241325015,5336/5230/7422/2023/112399/3479/3939/817,8
Metabolism,Lipid metabolism,hsa00062,Fatty acid elongation,3/332,24/5974,0.125,2.2492469879518073,1.4874562721054139,0.1457801097517184,0.9089715241325015,0.9089715241325015,9200/201562/83401,3
Metabolism,Lipid metabolism,hsa01040,Biosynthesis of unsaturated fatty acids,3/332,24/5974,0.125,2.2492469879518073,1.4874562721054139,0.1457801097517184,0.9089715241325015,0.9089715241325015,9200/201562/83401,3
Human Diseases,Infectious disease: parasitic,hsa05143,African trypanosomiasis,3/332,24/5974,0.125,2.2492469879518073,1.4874562721054139,0.1457801097517184,0.9089715241325015,0.9089715241325015,3586/2150/7124,3
Metabolism,Amino acid metabolism,hsa00330,Arginine and proline metabolism,4/332,37/5974,0.10810810810810811,1.9452946922826444,1.3990502559634446,0.1474607096039637,0.9089715241325015,0.9089715241325015,79814/8974/283208/2593,4
Organismal Systems,Immune system,hsa04660,T cell receptor signaling pathway,8/332,94/5974,0.0851063829787234,1.5314022045629325,1.2596426991691148,0.15028931291250983,0.9089715241325015,0.9089715241325015,3586/56924/5534/5525/2534/7124/5063/4772,8
Human Diseases,Cardiovascular disease,hsa05416,Viral myocarditis,5/332,51/5974,0.09803921568627451,1.7641152846680839,1.329296517688937,0.15149525402208358,0.9089715241325015,0.9089715241325015,836/27/595/2534/6442,5
Environmental Information Processing,Signal transduction,hsa04350,TGF-beta signaling pathway,8/332,95/5974,0.08421052631578947,1.515282181357007,1.2280158026297558,0.15672622042071016,0.9207469377905463,0.9207469377905463,8200/7044/79639/4681/3624/7124/1875/7046,8
Metabolism,Lipid metabolism,hsa00140,Steroid hormone biosynthesis,3/332,25/5974,0.12,2.1592771084337348,1.4089125523421844,0.15924868420905675,0.9207469377905463,0.9207469377905463,79644/3292/1588,3
NA,NA,hsa04082,Neuroactive ligand signaling,7/332,81/5974,0.08641975308641975,1.5550349546333482,1.2199537937629028,0.1621871106732692,0.9209910927517788,0.9209910927517787,5031/5029/2790/2770/153/2898/2787,7
Organismal Systems,Excretory system,hsa04960,Aldosterone-regulated sodium reabsorption,3/332,26/5974,0.11538461538461539,2.0762279888785913,1.3339951010815907,0.1730788106552702,0.9655975752346653,0.9655975752346654,23327/3479/486,3
Metabolism,Glycan biosynthesis and metabolism,hsa00512,Mucin type O-glycan biosynthesis,3/332,27/5974,0.1111111111111111,1.9993306559571618,1.2623822557409916,0.1872327173818525,0.9915929491154466,0.9915929491154466,55568/57452/8693,3
Environmental Information Processing,Signal transduction,hsa04068,FoxO signaling pathway,9/332,116/5974,0.07758620689655173,1.3960843373493976,1.0449385183844335,0.1949392254707246,0.9915929491154466,0.9915929491154466,5571/3586/51422/23678/8743/3479/595/10769/7046,9
Organismal Systems,Nervous system,hsa04727,GABAergic synapse,5/332,56/5974,0.08928571428571429,1.606604991394148,1.1062703455698075,0.19860549663171068,0.9915929491154466,0.9915929491154466,92745/81539/2790/2770/2787,5
Organismal Systems,Digestive system,hsa04974,Protein digestion and absorption,5/332,56/5974,0.08928571428571429,1.606604991394148,1.1062703455698075,0.19860549663171068,0.9915929491154466,0.9915929491154466,1305/1296/3783/23428/486,5
Human Diseases,Infectious disease: parasitic,hsa05146,Amoebiasis,6/332,71/5974,0.08450704225352113,1.5206176819955881,1.0704353807312268,0.200660012717806,0.9915929491154466,0.9915929491154466,3586/836/7124/3909/2335/3918,6
Metabolism,Glycan biosynthesis and metabolism,hsa00601,Glycosphingolipid biosynthesis - lacto and neolacto series,2/332,15/5974,0.13333333333333333,2.399196787148594,1.3160927428821243,0.20136662912933576,0.9915929491154466,0.9915929491154466,8706/28,2
Human Diseases,Cardiovascular disease,hsa05414,Dilated cardiomyopathy,6/332,72/5974,0.08333333333333333,1.4994979919678715,1.0343062538232934,0.20949078994044246,0.9915929491154466,0.9915929491154466,22801/3479/6442/7124/7168/153,6
Human Diseases,Cancer: overview,hsa05230,Central carbon metabolism in cancer,5/332,58/5974,0.08620689655172414,1.5512048192771084,1.0232027023195103,0.21871824636995546,0.9915929491154466,0.9915929491154466,9123/5315/3939/4233/5224,5
Human Diseases,Infectious disease: viral,hsa05167,Kaposi sarcoma-associated herpesvirus infection,11/332,152/5974,0.07236842105263158,1.302195624603678,0.9154246944831109,0.22358478397286577,0.9915929491154466,0.9915929491154466,5336/836/5534/7422/1827/440738/595/2790/3717/4772/2787,11
Human Diseases,Drug resistance: antineoplastic,hsa01521,EGFR tyrosine kinase inhibitor resistance,6/332,74/5974,0.08108108108108109,1.4589710192119831,0.9636600968393805,0.22754953666742517,0.9915929491154466,0.9915929491154466,5336/7422/3479/399694/4233/3717,6
Organismal Systems,Circulatory system,hsa04261,Adrenergic signaling in cardiomyocytes,8/332,105/5974,0.0761904761904762,1.3709695926563397,0.9302499733666991,0.22764879472168964,0.9915929491154466,0.9915929491154466,490/3753/5525/2770/7168/153/817/486,8
Environmental Information Processing,Signal transduction,hsa04371,Apelin signaling pathway,8/332,105/5974,0.0761904761904762,1.3709695926563397,0.9302499733666991,0.22764879472168964,0.9915929491154466,0.9915929491154466,5571/51422/440738/595/2790/2770/7046/2787,8
Environmental Information Processing,Signal transduction,hsa04668,TNF signaling pathway,8/332,105/5974,0.0761904761904762,1.3709695926563397,0.9302499733666991,0.22764879472168964,0.9915929491154466,0.9915929491154466,3600/836/8737/7124/4217/330/83786/6352,8
Metabolism,Global and overview maps,hsa01230,Biosynthesis of amino acids,5/332,59/5974,0.0847457627118644,1.5249132121707167,0.9828446859032585,0.22900367759747692,0.9915929491154466,0.9915929491154466,5230/2023/5315/5224/1491,5
Human Diseases,Infectious disease: viral,hsa05170,Human immunodeficiency virus 1 infection,12/332,169/5974,0.07100591715976332,1.2776787623868255,0.8882468246053209,0.22912967592400965,0.9915929491154466,0.9915929491154466,5336/836/56924/5534/2790/8737/7124/2770/6891/5063/4772/2787,12
Organismal Systems,Endocrine system,hsa04920,Adipocytokine signaling pathway,5/332,60/5974,0.08333333333333333,1.4994979919678715,0.9432297062889146,0.23942717530673435,0.9915929491154466,0.9915929491154466,5571/51422/2180/7124/3717,5
Environmental Information Processing,Signal transduction,hsa04015,Rap1 signaling pathway,12/332,171/5974,0.07017543859649122,1.2627351511308391,0.845548860931156,0.2412277154520728,0.9915929491154466,0.9915929491154466,4803/2246/7422/51196/3479/2770/889/9771/4233/1943/57568/1942,12
Cellular Processes,Cell growth and death,hsa04215,Apoptosis - multiple species,3/332,31/5974,0.0967741935483871,1.741352506801399,1.0038099599947687,0.24635665197103937,0.9915929491154466,0.9915929491154466,836/79444/330,3
Organismal Systems,Nervous system,hsa04726,Serotonergic synapse,5/332,61/5974,0.08196721311475409,1.474916057673316,0.9043292755615032,0.24997769979492565,0.9915929491154466,0.9915929491154466,836/2790/2770/5321/2787,5
Human Diseases,Infectious disease: bacterial,hsa05134,Legionellosis,4/332,47/5974,0.0851063829787234,1.5314022045629325,0.8871633158188507,0.2636950708094228,0.9915929491154466,0.9915929491154466,836/3305/7124/3312,4
Environmental Information Processing,Signal transduction,hsa04012,ErbB signaling pathway,6/332,78/5974,0.07692307692307693,1.3841519925857275,0.8283624662381528,0.26504738195552685,0.9915929491154466,0.9915929491154466,5336/56924/27/399694/817/5063,6
Environmental Information Processing,Signal transduction,hsa04340,Hedgehog signaling pathway,4/332,48/5974,0.08333333333333333,1.4994979919678715,0.8427956785513561,0.2762303043307797,0.9915929491154466,0.9915929491154466,595/2737/84976/2619,4
Metabolism,Metabolism of cofactors and vitamins,hsa00670,One carbon pool by folate,3/332,33/5974,0.09090909090909091,1.6358159912376782,0.8883976449467939,0.2769411098604897,0.9915929491154466,0.9915929491154466,29958/23382/1491,3
Environmental Information Processing,Membrane transport,hsa02010,ABC transporters,3/332,33/5974,0.09090909090909091,1.6358159912376782,0.8883976449467939,0.2769411098604897,0.9915929491154466,0.9915929491154466,10058/23457/6891,3
NA,NA,hsa03272,Virion - Hepatitis viruses,3/332,33/5974,0.09090909090909091,1.6358159912376782,0.8883976449467939,0.2769411098604897,0.9915929491154466,0.9915929491154466,49861/128866/1364,3
Environmental Information Processing,Signal transduction,hsa04071,Sphingolipid signaling pathway,8/332,112/5974,0.07142857142857142,1.2852839931153184,0.7392856345711247,0.2830416006111519,0.9915929491154466,0.9915929491154466,8439/5525/2534/7124/81537/2770/4217/9517,8
Metabolism,Lipid metabolism,hsa00565,Ether lipid metabolism,3/332,34/5974,0.08823529411764706,1.5877037562012757,0.833591851708646,0.2923767124667743,0.9915929491154466,0.9915929491154466,144110/122618/5321,3
Metabolism,Lipid metabolism,hsa00564,Glycerophospholipid metabolism,6/332,81/5974,0.07407407407407407,1.3328871039714412,0.7316780357607869,0.29413927302047466,0.9915929491154466,0.9915929491154466,54675/11313/84803/9162/122618/5321,6
Environmental Information Processing,Signal transduction,hsa04370,VEGF signaling pathway,4/332,50/5974,0.08,1.4395180722891567,0.7570123641955039,0.30157091647554374,0.9915929491154466,0.9915929491154466,5336/5534/7422/5321,4
Human Diseases,Drug resistance: antineoplastic,hsa01524,Platinum drug resistance,5/332,66/5974,0.07575757575757576,1.363179992698065,0.71965177073585,0.30425051851578766,0.9915929491154466,0.9915929491154466,653689/5429/836/4217/330,5
Human Diseases,Immune disease,hsa05330,Allograft rejection,2/332,20/5974,0.1,1.7993975903614456,0.8686047016538389,0.306300627482876,0.9915929491154466,0.9915929491154466,3586/7124,2
Human Diseases,Infectious disease: bacterial,hsa05150,Staphylococcus aureus infection,3/332,35/5974,0.08571428571428572,1.542340791738382,0.7805457953999897,0.30786867191338235,0.9915929491154466,0.9915929491154466,3586/25984/3872,3
Human Diseases,Substance dependence,hsa05034,Alcoholism,6/332,83/5974,0.07228915662650602,1.3007693424299607,0.6693092998827621,0.31388043409668975,0.9915929491154466,0.9915929491154466,9734/84152/399694/2790/2770/2787,6
Organismal Systems,Immune system,hsa04664,Fc epsilon RI signaling pathway,4/332,51/5974,0.0784313725490196,1.4112922277344673,0.7155063339917884,0.3143433132800939,0.9915929491154466,0.9915929491154466,5336/2534/7124/5321,4
Human Diseases,Cancer: specific types,hsa05211,Renal cell carcinoma,5/332,67/5974,0.07462686567164178,1.3428340226577953,0.6845207046919571,0.3153330642944715,0.9915929491154466,0.9915929491154466,56924/7422/112399/4233/5063,5
Human Diseases,Infectious disease: bacterial,hsa05130,Pathogenic Escherichia coli infection,11/332,166/5974,0.06626506024096386,1.1923718972274642,0.6097209626465713,0.3168101628917561,0.9915929491154466,0.9915929491154466,49861/836/8743/10787/2534/4645/8737/7124/5063/8936/1364,11
Organismal Systems,Endocrine system,hsa04935,"Growth hormone synthesis, secretion and action",7/332,100/5974,0.07,1.2595783132530123,0.6349655937866121,0.32024747366796874,0.9915929491154466,0.9915929491154466,5336/2688/3479/399694/2770/2692/3717,7
Human Diseases,Cancer: specific types,hsa05226,Gastric cancer,8/332,117/5974,0.06837606837606838,1.230357326742869,0.6103881689176798,0.32457679736381634,0.9915929491154466,0.9915929491154466,2246/595/399694/8313/4233/7046/5915/8325,8
Human Diseases,Infectious disease: viral,hsa05163,Human cytomegalovirus infection,12/332,184/5974,0.06521739130434782,1.1735201676270297,0.5799203468668405,0.32495310500611857,0.9915929491154466,0.9915929491154466,836/5534/7422/595/2790/8737/7124/2770/6891/4772/2787/6352,12
Human Diseases,Cancer: specific types,hsa05214,Glioma,5/332,68/5974,0.07352941176470588,1.323086463501063,0.649942977902535,0.3264668027560196,0.9915929491154466,0.9915929491154466,5336/3479/595/399694/817,5
Metabolism,Global and overview maps,hsa01212,Fatty acid metabolism,4/332,52/5974,0.07692307692307693,1.3841519925857275,0.6748687505273495,0.32716247715465846,0.9915929491154466,0.9915929491154466,2180/9200/201562/83401,4
Metabolism,Carbohydrate metabolism,hsa00052,Galactose metabolism,2/332,21/5974,0.09523809523809523,1.7137119908204246,0.7947187465134854,0.32718213343078506,0.9915929491154466,0.9915929491154466,7360/2584,2
Environmental Information Processing,Signal transduction,hsa04630,JAK-STAT signaling pathway,7/332,101/5974,0.06930693069306931,1.2471072408445665,0.6075260661667192,0.329354954222749,0.9915929491154466,0.9915929491154466,3589/3586/3600/2688/595/2670/3717,7
Organismal Systems,Immune system,hsa04657,IL-17 signaling pathway,5/332,69/5974,0.07246376811594203,1.3039112973633664,0.6158999902522126,0.33764142556448234,0.9915929491154466,0.9915929491154466,55540/836/3934/7124/9618,5
NA,NA,hsa04081,Hormone signaling,8/332,119/5974,0.06722689075630252,1.209679052343829,0.5604202692444024,0.34150457684291846,0.9915929491154466,0.9915929491154466,2688/3479/2790/2770/153/2692/3717/2787,8
Organismal Systems,Excretory system,hsa04966,Collecting duct acid secretion,2/332,22/5974,0.09090909090909091,1.6358159912376782,0.7247030414824192,0.3478922868563431,0.9915929491154466,0.9915929491154466,527/10723,2
Organismal Systems,Immune system,hsa04612,Antigen processing and presentation,4/332,54/5974,0.07407407407407407,1.3328871039714412,0.596048714683635,0.3528799872072804,0.9915929491154466,0.9915929491154466,3305/7124/3312/6891,4
Genetic Information Processing,Translation,hsa03015,mRNA surveillance pathway,6/332,87/5974,0.06896551724137931,1.2409638554216869,0.5491781756113503,0.353923402774123,0.9915929491154466,0.9915929491154466,11051/8106/4440/100529063/5525/132430,6
Environmental Information Processing,Signal transduction,hsa04064,NF-kappa B signaling pathway,6/332,87/5974,0.06896551724137931,1.2409638554216869,0.5491781756113503,0.353923402774123,0.9915929491154466,0.9915929491154466,5336/10848/8737/1896/7124/330,6
Genetic Information Processing,Replication and repair,hsa03440,Homologous recombination,3/332,38/5974,0.07894736842105263,1.420577045022194,0.6308689832851988,0.3544132147620457,0.9915929491154466,0.9915929491154466,641/10111/10714,3
Cellular Processes,Cell growth and death,hsa04115,p53 signaling pathway,5/332,71/5974,0.07042253521126761,1.26718140166299,0.5493482747592296,0.36007309511909896,0.9915929491154466,0.9915929491154466,836/10848/3479/595/6241,5
Organismal Systems,Endocrine system,hsa04911,Insulin secretion,4/332,55/5974,0.07272727272727272,1.3086527929901424,0.5577969616564242,0.36574901341273225,0.9915929491154466,0.9915929491154466,3783/817/27445/486,4
Environmental Information Processing,Signal transduction,hsa04152,AMPK signaling pathway,7/332,105/5974,0.06666666666666667,1.199598393574297,0.5005164951040436,0.36612296692128343,0.9915929491154466,0.9915929491154466,5571/51422/5525/3479/595/5210/51719,7
Human Diseases,Cardiovascular disease,hsa05417,Lipid and atherosclerosis,11/332,173/5974,0.06358381502890173,1.1441256354899367,0.4666181337574735,0.36656529157704076,0.9915929491154466,0.9915929491154466,836/5534/8743/3305/7124/3312/4217/817/3717/4772/6352,11
Genetic Information Processing,Transcription,hsa03022,Basal transcription factors,3/332,39/5974,0.07692307692307693,1.3841519925857275,0.5838130390066865,0.369868293351844,0.9915929491154466,0.9915929491154466,2968/51616/10629,3
Human Diseases,Immune disease,hsa05321,Inflammatory bowel disease,3/332,39/5974,0.07692307692307693,1.3841519925857275,0.5838130390066865,0.369868293351844,0.9915929491154466,0.9915929491154466,3586/7124/4772,3
Cellular Processes,Cell growth and death,hsa04210,Apoptosis,8/332,123/5974,0.06504065040650407,1.1703398961700462,0.46302308386485513,0.3757020348580248,0.9915929491154466,0.9915929491154466,4803/836/8743/8737/7124/4217/330/8996,8
Organismal Systems,Endocrine system,hsa03320,PPAR signaling pathway,4/332,56/5974,0.07142857142857142,1.2852839931153184,0.5202746863718974,0.3786062070112727,0.9915929491154466,0.9915929491154466,2180/2171/364/51129,4
Organismal Systems,Digestive system,hsa04978,Mineral absorption,3/332,40/5974,0.075,1.3495481927710844,0.5380368780969119,0.3852557368382713,0.9915929491154466,0.9915929491154466,490/261729/486,3
Metabolism,Xenobiotics biodegradation and metabolism,hsa00982,Drug metabolism - cytochrome P450,2/332,24/5974,0.08333333333333333,1.4994979919678715,0.5947434160116082,0.38862258860372867,0.9915929491154466,0.9915929491154466,653689/2330,2
Human Diseases,Endocrine and metabolic disease,hsa04936,Alcoholic liver disease,7/332,108/5974,0.06481481481481481,1.166276215975011,0.422979908810462,0.3939002764520205,0.9915929491154466,0.9915929491154466,5571/51422/836/595/8737/7124/4217,7
Cellular Processes,Cellular community - eukaryotes,hsa04550,Signaling pathways regulating pluripotency of stem cells,7/332,109/5974,0.06422018348623854,1.1555764341770753,0.39762328803526914,0.40316929788040656,0.9915929491154466,0.9915929491154466,7044/3479/3624/8313/3717/8325/84108,7
Human Diseases,Endocrine and metabolic disease,hsa04940,Type I diabetes mellitus,2/332,25/5974,0.08,1.4395180722891567,0.534162647156962,0.40856814550761333,0.9915929491154466,0.9915929491154466,5799/7124,2
Metabolism,Amino acid metabolism,hsa00270,Cysteine and methionine metabolism,3/332,42/5974,0.07142857142857142,1.2852839931153184,0.45003908914225027,0.4157469806000761,0.9915929491154466,0.9915929491154466,3939/23382/1491,3
Environmental Information Processing,Signal transduction,hsa04024,cAMP signaling pathway,9/332,146/5974,0.06164383561643835,1.1092176926885624,0.3240846131463422,0.42385767253366613,0.9915929491154466,0.9915929491154466,490/51196/84152/2770/153/2737/817/4772/486,9
Organismal Systems,Immune system,hsa04062,Chemokine signaling pathway,8/332,129/5974,0.06201550387596899,1.115905482394695,0.3228162101007645,0.42733539498440587,0.9915929491154466,0.9915929491154466,5336/399694/2790/2770/3717/2826/2787/6352,8
Genetic Information Processing,Replication and repair,hsa03420,Nucleotide excision repair,4/332,60/5974,0.06666666666666667,1.199598393574297,0.3769126946939421,0.42965827842613535,0.9915929491154466,0.9915929491154466,1161/548644/2968/10714,4
Human Diseases,Infectious disease: bacterial,hsa05133,Pertussis,4/332,60/5974,0.06666666666666667,1.199598393574297,0.3769126946939421,0.42965827842613535,0.9915929491154466,0.9915929491154466,3586/836/7124/2770,4
Organismal Systems,Nervous system,hsa04730,Long-term depression,3/332,43/5974,0.06976744186046512,1.2553936676940318,0.4076891458480433,0.4308138404216385,0.9915929491154466,0.9915929491154466,3479/2770/5321,3
Organismal Systems,Endocrine system,hsa04923,Regulation of lipolysis in adipocytes,3/332,43/5974,0.06976744186046512,1.2553936676940318,0.4076891458480433,0.4308138404216385,0.9915929491154466,0.9915929491154466,2770/153/364,3
Human Diseases,Cancer: specific types,hsa05218,Melanoma,4/332,61/5974,0.06557377049180328,1.1799328461386531,0.34262589729113313,0.4422674418388519,0.9915929491154466,0.9915929491154466,2246/3479/595/4233,4
Metabolism,Metabolism of other amino acids,hsa00480,Glutathione metabolism,3/332,44/5974,0.06818181818181818,1.2268619934282585,0.366361217638237,0.445739121787331,0.9915929491154466,0.9915929491154466,653689/51060/6241,3
Human Diseases,Infectious disease: bacterial,hsa05152,Tuberculosis,8/332,132/5974,0.06060606060606061,1.090543994158452,0.2551611766406619,0.45306330265611994,0.9915929491154466,0.9915929491154466,3586/527/836/5534/7124/817/3717/4046,8
Organismal Systems,Endocrine system,hsa04924,Renin secretion,3/332,45/5974,0.06666666666666667,1.199598393574297,0.32600280111102964,0.46050763556267293,0.9915929491154466,0.9915929491154466,5534/2770/153,3
Environmental Information Processing,Signal transduction,hsa04390,Hippo signaling pathway,8/332,133/5974,0.06015037593984962,1.0823444152550048,0.2329512931119757,0.46160030094736226,0.9915929491154466,0.9915929491154466,2246/8200/595/8313/7046/330/154796/8325,8
Organismal Systems,Environmental adaptation,hsa04713,Circadian entrainment,4/332,64/5974,0.0625,1.1246234939759037,0.243133570529368,0.47955518663703467,0.9915929491154466,0.9915929491154466,2790/2770/817/2787,4
Organismal Systems,Endocrine system,hsa04914,Progesterone-mediated oocyte maturation,5/332,82/5974,0.06097560975609756,1.0971936526594182,0.21496225989782816,0.4823649354485463,0.9915929491154466,0.9915929491154466,3479/2770/29882/6790/994,5
Metabolism,Xenobiotics biodegradation and metabolism,hsa00983,Drug metabolism - other enzymes,3/332,47/5974,0.06382978723404255,1.1485516534221993,0.24800344501544808,0.4895197792625572,0.9915929491154466,0.9915929491154466,4831/653689/6241,3
Human Diseases,Infectious disease: parasitic,hsa05142,Chagas disease,5/332,83/5974,0.060240963855421686,1.0839744520249674,0.18687038126552977,0.4931652239967419,0.9915929491154466,0.9915929491154466,3586/7124/2770/7046/6352,5
Organismal Systems,Development and regeneration,hsa04380,Osteoclast differentiation,6/332,101/5974,0.0594059405940594,1.0689490635810568,0.16951487629464826,0.4941388907390539,0.9915929491154466,0.9915929491154466,5336/5534/2534/7124/7046/4772,6
Organismal Systems,Nervous system,hsa04728,Dopaminergic synapse,6/332,101/5974,0.0594059405940594,1.0689490635810568,0.16951487629464826,0.4941388907390539,0.9915929491154466,0.9915929491154466,84152/5525/2790/2770/817/2787,6
Organismal Systems,Endocrine system,hsa04915,Estrogen signaling pathway,6/332,101/5974,0.0594059405940594,1.0689490635810568,0.16951487629464826,0.4941388907390539,0.9915929491154466,0.9915929491154466,3305/399694/25984/2770/3312/3872,6
NA,NA,hsa03273,Virion - Lassa virus and SFTS virus,1/332,12/5974,0.08333333333333333,1.4994979919678715,0.420123661807098,0.49681040527393305,0.9915929491154466,0.9915929491154466,64881,1
Genetic Information Processing,Replication and repair,hsa03450,Non-homologous end-joining,1/332,12/5974,0.08333333333333333,1.4994979919678715,0.420123661807098,0.49681040527393305,0.9915929491154466,0.9915929491154466,10111,1
Metabolism,Lipid metabolism,hsa00590,Arachidonic acid metabolism,2/332,30/5974,0.06666666666666667,1.199598393574297,0.2658441004140781,0.5030119354827451,0.9915929491154466,0.9915929491154466,9536/5321,2
Metabolism,Carbohydrate metabolism,hsa00640,Propanoate metabolism,2/332,30/5974,0.06666666666666667,1.199598393574297,0.2658441004140781,0.5030119354827451,0.9915929491154466,0.9915929491154466,3939/593,2
Human Diseases,Cancer: overview,hsa05202,Transcriptional misregulation in cancer,8/332,138/5974,0.057971014492753624,1.0431290378906932,0.12433701303791118,0.5038324861982604,0.9915929491154466,0.9915929491154466,26471/3087/6935/3479/7849/4297/4233/330,8
Organismal Systems,Endocrine system,hsa04926,Relaxin signaling pathway,6/332,102/5974,0.058823529411764705,1.0584691708008505,0.14447169080977967,0.5038662074410795,0.9915929491154466,0.9915929491154466,7422/399694/2790/2770/7046/2787,6
Environmental Information Processing,Signal transduction,hsa04150,mTOR signaling pathway,8/332,139/5974,0.05755395683453238,1.0356245124382422,0.10308243230595969,0.51216497034142106,0.9915929491154466,0.9915929491154466,58528/81929/3479/7124/8325/57600/64121/51719,8
Cellular Processes,Cell growth and death,hsa04114,Oocyte meiosis,6/332,103/5974,0.05825242718446602,1.0481927710843373,0.11967218744951133,0.5135270568325692,0.9915929491154466,0.9915929491154466,5534/5525/3479/817/29882/6790,6
Human Diseases,Cancer: specific types,hsa05223,Non-small cell lung cancer,4/332,67/5974,0.05970149253731343,1.0742672181262363,0.14828589091936964,0.5158421895760628,0.9915929491154466,0.9915929491154466,5336/595/4233/5915,4
Human Diseases,Endocrine and metabolic disease,hsa04934,Cushing syndrome,7/332,122/5974,0.05737704918032787,1.0324412403713212,0.08781606360796032,0.5216339888693377,0.9915929491154466,0.9915929491154466,595/4297/2770/3739/8313/817/8325,7
Human Diseases,Infectious disease: viral,hsa05164,Influenza A,7/332,122/5974,0.05737704918032787,1.0324412403713212,0.08781606360796032,0.5216339888693377,0.9915929491154466,0.9915929491154466,8106/100529063/836/8743/7124/3717/6352,7
Metabolism,Carbohydrate metabolism,hsa00040,Pentose and glucuronate interconversions,1/332,13/5974,0.07692307692307693,1.3841519925857275,0.3363287272052367,0.5248310267850123,0.9915929491154466,0.9915929491154466,7360,1
Metabolism,Lipid metabolism,hsa00592,alpha-Linolenic acid metabolism,1/332,13/5974,0.07692307692307693,1.3841519925857275,0.3363287272052367,0.5248310267850123,0.9915929491154466,0.9915929491154466,5321,1
Metabolism,Carbohydrate metabolism,hsa00562,Inositol phosphate metabolism,4/332,68/5974,0.058823529411764705,1.0584691708008505,0.1176206102044621,0.5276781512523157,0.9915929491154466,0.9915929491154466,5336/51196/51763/5305,4
Genetic Information Processing,Replication and repair,hsa03460,Fanconi anemia pathway,3/332,50/5974,0.06,1.0796385542168674,0.13716698813959105,0.5315517027070127,0.9915929491154466,0.9915929491154466,641/5429/55215,3
Organismal Systems,Immune system,hsa04610,Complement and coagulation cascades,3/332,50/5974,0.06,1.0796385542168674,0.13716698813959105,0.5315517027070127,0.9915929491154466,0.9915929491154466,623/10544/5329,3
Human Diseases,Substance dependence,hsa05031,Amphetamine addiction,3/332,50/5974,0.06,1.0796385542168674,0.13716698813959105,0.5315517027070127,0.9915929491154466,0.9915929491154466,5534/84152/817,3
Human Diseases,Cancer: specific types,hsa05217,Basal cell carcinoma,3/332,50/5974,0.06,1.0796385542168674,0.13716698813959105,0.5315517027070127,0.9915929491154466,0.9915929491154466,2737/8313/8325,3
Cellular Processes,Cell growth and death,hsa04218,Cellular senescence,8/332,142/5974,0.056338028169014086,1.013745121330392,0.04020987755700868,0.5368786566346024,0.9915929491154466,0.9915929491154466,5534/595/10111/55957/1875/7046/4772/5883,8
Organismal Systems,Environmental adaptation,hsa04710,Circadian rhythm,2/332,32/5974,0.0625,1.1246234939759037,0.17145783943659867,0.5379870572986902,0.9915929491154466,0.9915929491154466,5571/51422,2
Metabolism,Lipid metabolism,hsa00061,Fatty acid biosynthesis,1/332,14/5974,0.07142857142857142,1.2852839931153184,0.259219131361023,0.5512957305440083,0.9915929491154466,0.9915929491154466,2180,1
Metabolism,Glycan biosynthesis and metabolism,hsa00604,Glycosphingolipid biosynthesis - ganglio series,1/332,14/5974,0.07142857142857142,1.2852839931153184,0.259219131361023,0.5512957305440083,0.9915929491154466,0.9915929491154466,30815,1
Organismal Systems,Nervous system,hsa04722,Neurotrophin signaling pathway,6/332,107/5974,0.056074766355140186,1.0090079945952033,0.022806609155797814,0.5514199347481177,0.9915929491154466,0.9915929491154466,5664/4803/5336/399694/4217/817,6
Metabolism,Carbohydrate metabolism,hsa00520,Amino sugar and nucleotide sugar metabolism,2/332,33/5974,0.06060606060606061,1.090543994158452,0.12651313002974734,0.554828731326961,0.9915929491154466,0.9915929491154466,7360/2584,2
Metabolism,Global and overview maps,hsa01250,Biosynthesis of nucleotide sugars,2/332,33/5974,0.06060606060606061,1.090543994158452,0.12651313002974734,0.554828731326961,0.9915929491154466,0.9915929491154466,7360/2584,2
Human Diseases,Cancer: specific types,hsa05225,Hepatocellular carcinoma,8/332,145/5974,0.05517241379310345,0.9927710843373495,-0.02137513615550026,0.5611077541428556,0.9915929491154466,0.9915929491154466,653689/5336/595/399694/8313/4233/7046/8325,8
NA,NA,hsa04517,IgSF CAM signaling,12/332,220/5974,0.05454545454545454,0.9814895947426067,-0.06785644403400504,0.5705133178237741,0.9915929491154466,0.9915929491154466,6712/91584/5803/5336/287/56924/1000/2534/4868/1796/3739/5063,12
Human Diseases,Endocrine and metabolic disease,hsa04930,Type II diabetes mellitus,2/332,34/5974,0.058823529411764705,1.0584691708008505,0.0829319599227776,0.5712319825057228,0.9915929491154466,0.9915929491154466,5315/7124,2
Human Diseases,Cancer: specific types,hsa05216,Thyroid cancer,2/332,34/5974,0.058823529411764705,1.0584691708008505,0.0829319599227776,0.5712319825057228,0.9915929491154466,0.9915929491154466,595/7849,2
Human Diseases,Immune disease,hsa05322,Systemic lupus erythematosus,2/332,34/5974,0.058823529411764705,1.0584691708008505,0.0829319599227776,0.5712319825057228,0.9915929491154466,0.9915929491154466,3586/7124,2
Organismal Systems,Circulatory system,hsa04260,Cardiac muscle contraction,3/332,53/5974,0.05660377358490566,1.018526937940441,0.0328619105630404,0.5715795477133039,0.9915929491154466,0.9915929491154466,7168/486/440567,3
Organismal Systems,Digestive system,hsa04972,Pancreatic secretion,3/332,53/5974,0.05660377358490566,1.018526937940441,0.0328619105630404,0.5715795477133039,0.9915929491154466,0.9915929491154466,490/219931/486,3
Metabolism,Metabolism of other amino acids,hsa00450,Selenocompound metabolism,1/332,15/5974,0.06666666666666667,1.199598393574297,0.18774342514707687,0.576290666359342,0.9915929491154466,0.9915929491154466,1491,1
Human Diseases,Infectious disease: parasitic,hsa05140,Leishmaniasis,3/332,54/5974,0.05555555555555555,0.9996653279785809,-5.992446863442374e-4,0.5844442277430703,0.9915929491154466,0.9915929491154466,3586/7124/3717,3
Human Diseases,Infectious disease: bacterial,hsa05100,Bacterial invasion of epithelial cells,4/332,73/5974,0.0547945205479452,0.9859712823898332,-0.029252659382842276,0.5846214594366472,0.9915929491154466,0.9915929491154466,399694/2335/4233/8936,4
Organismal Systems,Digestive system,hsa04979,Cholesterol metabolism,2/332,35/5974,0.05714285714285714,1.0282271944922547,0.04062504298495662,0.587193395268895,0.9915929491154466,0.9915929491154466,4035/51129,2
Human Diseases,Substance dependence,hsa05030,Cocaine addiction,2/332,35/5974,0.05714285714285714,1.0282271944922547,0.04062504298495662,0.587193395268895,0.9915929491154466,0.9915929491154466,84152/2770,2
Organismal Systems,Immune system,hsa04611,Platelet activation,5/332,93/5974,0.053763440860215055,0.9674180593341106,-0.07681421406209447,0.5957342293207208,0.9915929491154466,0.9915929491154466,5336/83706/2534/2770/5321,5
Environmental Information Processing,Signal transduction,hsa04022,cGMP-PKG signaling pathway,6/332,112/5974,0.05357142857142857,0.9639629948364888,-0.09338638294921807,0.5968161757735042,0.9915929491154466,0.9915929491154466,490/5534/2770/153/4772/486,6
Organismal Systems,Immune system,hsa04623,Cytosolic DNA-sensing pathway,3/332,55/5974,0.05454545454545454,0.9814895947426067,-0.03345198244142501,0.5970612593390514,0.9915929491154466,0.9915929491154466,836/8737/6352,3
Cellular Processes,Cell motility,hsa04810,Regulation of actin cytoskeleton,10/332,187/5974,0.053475935828877004,0.9622447007280458,-0.12723914364088695,0.5974992375815678,0.9915929491154466,0.9915929491154466,2246/623/22801/56924/10787/10788/2335/5063/8936/5305,10
Metabolism,Amino acid metabolism,hsa00340,Histidine metabolism,1/332,16/5974,0.0625,1.1246234939759037,0.12107609997140618,0.5998972276563214,0.9915929491154466,0.9915929491154466,131669,1
Metabolism,Metabolism of cofactors and vitamins,hsa00785,Lipoic acid metabolism,1/332,16/5974,0.0625,1.1246234939759037,0.12107609997140618,0.5998972276563214,0.9915929491154466,0.9915929491154466,593,1
Metabolism,Carbohydrate metabolism,hsa00620,Pyruvate metabolism,2/332,36/5974,0.05555555555555555,0.9996653279785809,-4.885390897893033e-4,0.6027112817550441,0.9915929491154466,0.9915929491154466,5315/3939,2
Organismal Systems,Immune system,hsa04659,Th17 cell differentiation,4/332,75/5974,0.05333333333333334,0.9596787148594378,-0.08523629379087572,0.6062606228502554,0.9915929491154466,0.9915929491154466,5534/7046/3717/4772,4
Human Diseases,Cancer: specific types,hsa05220,Chronic myeloid leukemia,4/332,75/5974,0.05333333333333334,0.9596787148594378,-0.08523629379087572,0.6062606228502554,0.9915929491154466,0.9915929491154466,595/399694/7046/2122,4
Organismal Systems,Immune system,hsa04621,NOD-like receptor signaling pathway,7/332,132/5974,0.05303030303030303,0.9542259948886456,-0.12899529242468924,0.6065191304020727,0.9915929491154466,0.9915929491154466,55072/22861/440738/8737/7124/330/6352,7
Genetic Information Processing,Information processing in viruses,hsa03250,Viral life cycle - HIV-1,3/332,56/5974,0.05357142857142857,0.9639629948364888,-0.06572097282601257,0.6094266396594916,0.9915929491154466,0.9915929491154466,6827/256987/128866,3
Organismal Systems,Excretory system,hsa04961,Endocrine and other factor-regulated calcium reabsorption,2/332,37/5974,0.05405405405405406,0.9726473461413222,-0.04048233603201155,0.6177855013908793,0.9915929491154466,0.9915929491154466,490/486,2
Human Diseases,Infectious disease: bacterial,hsa05131,Shigellosis,11/332,209/5974,0.05263157894736842,0.9470513633481292,-0.18900662522582598,0.6195010211125458,0.9915929491154466,0.9915929491154466,5336/55072/58528/440738/51196/8737/7335/7124/8936/64121/6352,11
Metabolism,Amino acid metabolism,hsa00310,Lysine degradation,3/332,57/5974,0.05263157894736842,0.9470513633481292,-0.09742943491358327,0.6215371067661615,0.9915929491154466,0.9915929491154466,10157/4297/2122,3
Metabolism,Lipid metabolism,hsa00100,Steroid biosynthesis,1/332,17/5974,0.058823529411764705,1.0584691708008505,0.05855801596658954,0.6221923133256902,0.9915929491154466,0.9915929491154466,3930,1
NA,NA,hsa04519,Cadherin signaling,14/332,266/5974,0.05263157894736842,0.9470513633481292,-0.21429023275695952,0.6247410902446044,0.9915929491154466,0.9915929491154466,5664/57216/1000/84152/10787/154810/1012/25984/64881/8313/4233/3872/8936/8325,14
Cellular Processes,Cell growth and death,hsa04216,Ferroptosis,2/332,38/5974,0.05263157894736842,0.9470513633481292,-0.07942338500461975,0.6324172950924811,0.9915929491154466,0.9915929491154466,440738/2180,2
Human Diseases,Cancer: specific types,hsa05219,Bladder cancer,2/332,38/5974,0.05263157894736842,0.9470513633481292,-0.07942338500461975,0.6324172950924811,0.9915929491154466,0.9915929491154466,7422/595,2
Organismal Systems,Immune system,hsa04662,B cell receptor signaling pathway,3/332,58/5974,0.05172413793103448,0.9307228915662651,-0.1285992467396105,0.6333900959681468,0.9915929491154466,0.9915929491154466,5336/5534/4772,3
Environmental Information Processing,Signaling molecules and interaction,hsa04514,Cell adhesion molecule (CAM) interaction,5/332,98/5974,0.05102040816326531,0.9180599950823702,-0.19838868021707326,0.6424685431984125,0.9915929491154466,0.9915929491154466,9672/49861/1000/6385/1364,5
Metabolism,Glycan biosynthesis and metabolism,hsa00541,Biosynthesis of various nucleotide sugars,1/332,18/5974,0.05555555555555555,0.9996653279785809,-3.449269063045946e-4,0.6432485751984235,0.9915929491154466,0.9915929491154466,7360,1
Organismal Systems,Excretory system,hsa04964,Proximal tubule bicarbonate reclamation,1/332,18/5974,0.05555555555555555,0.9996653279785809,-3.449269063045946e-4,0.6432485751984235,0.9915929491154466,0.9915929491154466,486,1
Human Diseases,Immune disease,hsa05320,Autoimmune thyroid disease,1/332,18/5974,0.05555555555555555,0.9996653279785809,-3.449269063045946e-4,0.6432485751984235,0.9915929491154466,0.9915929491154466,3586,1
Human Diseases,Substance dependence,hsa05032,Morphine addiction,3/332,59/5974,0.05084745762711865,0.9149479273024301,-0.15925104519692956,0.6449836972761811,0.9915929491154466,0.9915929491154466,2790/2770/2787,3
Human Diseases,Cardiovascular disease,hsa05412,Arrhythmogenic right ventricular cardiomyopathy,3/332,59/5974,0.05084745762711865,0.9149479273024301,-0.15925104519692956,0.6449836972761811,0.9915929491154466,0.9915929491154466,22801/1000/6442,3
Genetic Information Processing,"Folding, sorting and degradation",hsa04120,Ubiquitin mediated proteolysis,7/332,137/5974,0.051094890510948905,0.9194002286518336,-0.2314984060044774,0.6458685496808172,0.9915929491154466,0.9915929491154466,1161/55070/79444/23327/90293/330/29882,7
Human Diseases,Infectious disease: viral,hsa05161,Hepatitis B,7/332,137/5974,0.051094890510948905,0.9194002286518336,-0.2314984060044774,0.6458685496808172,0.9915929491154466,0.9915929491154466,1959/836/7124/1960/7046/3717/4772,7
Human Diseases,Infectious disease: viral,hsa05160,Hepatitis C,6/332,118/5974,0.05084745762711865,0.9149479273024301,-0.22634668047946085,0.6479110107451488,0.9915929491154466,0.9915929491154466,49861/836/595/8737/7124/1364,6
Human Diseases,Cancer: specific types,hsa05224,Breast cancer,6/332,118/5974,0.05084745762711865,0.9149479273024301,-0.22634668047946085,0.6479110107451488,0.9915929491154466,0.9915929491154466,2246/3479/595/399694/8313/8325,6
Human Diseases,Infectious disease: viral,hsa05165,Human papillomavirus infection,14/332,271/5974,0.05166051660516605,0.9295780909616326,-0.28779915333162037,0.6527135631412441,0.9915929491154466,0.9915929491154466,527/22801/836/7422/5525/595/5315/7124/1311/3909/2335/8313/3918/8325,14
Human Diseases,Endocrine and metabolic disease,hsa04932,Non-alcoholic fatty liver disease,7/332,138/5974,0.050724637681159424,0.9127379081543565,-0.2515685111971506,0.6534582629966788,0.9915929491154466,0.9915929491154466,5571/51422/836/7124/4217/4731/440567,7
Organismal Systems,Endocrine system,hsa04917,Prolactin signaling pathway,3/332,60/5974,0.05,0.8996987951807228,-0.18940431690103027,0.6563166140577622,0.9915929491154466,0.9915929491154466,595/399694/3717,3
Human Diseases,Immune disease,hsa05332,Graft-versus-host disease,1/332,19/5974,0.05263157894736842,0.9470513633481292,-0.05607114930504923,0.6631346519335013,0.9915929491154466,0.9915929491154466,7124,1
Human Diseases,Immune disease,hsa05340,Primary immunodeficiency,1/332,19/5974,0.05263157894736842,0.9470513633481292,-0.05607114930504923,0.6631346519335013,0.9915929491154466,0.9915929491154466,6891,1
Organismal Systems,Immune system,hsa04658,Th1 and Th2 cell differentiation,3/332,62/5974,0.04838709677419355,0.8706762534006995,-0.24828796462294225,0.6781980351964751,0.9915929491154466,0.9915929491154466,5534/3717/4772,3
Metabolism,Glycan biosynthesis and metabolism,hsa00534,Glycosaminoglycan biosynthesis - heparan sulfate / heparin,1/332,20/5974,0.05,0.8996987951807228,-0.10898468939364292,0.6819153900624816,0.9915929491154466,0.9915929491154466,222537,1
Metabolism,Metabolism of cofactors and vitamins,hsa00830,Retinol metabolism,1/332,20/5974,0.05,0.8996987951807228,-0.10898468939364292,0.6819153900624816,0.9915929491154466,0.9915929491154466,339761,1
Genetic Information Processing,"Folding, sorting and degradation",hsa03050,Proteasome,2/332,43/5974,0.046511627906976744,0.8369291117960213,-0.2603127623516852,0.6990618518759478,0.9915929491154466,0.9915929491154466,5683/23198,2
Metabolism,Glycan biosynthesis and metabolism,hsa00532,Glycosaminoglycan biosynthesis - chondroitin sulfate / dermatan sulfate,1/332,21/5974,0.047619047619047616,0.8568559954102123,-0.15939093830797,0.6996520528940663,0.9915929491154466,0.9915929491154466,166012,1
Genetic Information Processing,Replication and repair,hsa03430,Mismatch repair,1/332,21/5974,0.047619047619047616,0.8568559954102123,-0.15939093830797,0.6996520528940663,0.9915929491154466,0.9915929491154466,10714,1
Organismal Systems,Endocrine system,hsa04919,Thyroid hormone signaling pathway,5/332,105/5974,0.047619047619047616,0.8568559954102123,-0.3589504614212673,0.701981951215837,0.9915929491154466,0.9915929491154466,5336/1827/51196/595/486,5
Environmental Information Processing,Signal transduction,hsa04070,Phosphatidylinositol signaling system,4/332,85/5974,0.047058823529411764,0.8467753366406804,-0.34511681507818714,0.7036400853292011,0.9915929491154466,0.9915929491154466,5336/51196/9162/5305,4
Human Diseases,Cancer: specific types,hsa05210,Colorectal cancer,4/332,85/5974,0.047058823529411764,0.8467753366406804,-0.34511681507818714,0.7036400853292011,0.9915929491154466,0.9915929491154466,836/595/8313/7046,4
Human Diseases,Cancer: overview,hsa05231,Choline metabolism in cancer,4/332,85/5974,0.047058823529411764,0.8467753366406804,-0.34511681507818714,0.7036400853292011,0.9915929491154466,0.9915929491154466,6584/9162/8936/5321,4
Human Diseases,Infectious disease: bacterial,hsa05110,Vibrio cholerae infection,2/332,44/5974,0.045454545454545456,0.8179079956188391,-0.2940618101743244,0.7111248390230249,0.9915929491154466,0.9915929491154466,5336/527,2
Metabolism,Carbohydrate metabolism,hsa00500,Starch and sucrose metabolism,1/332,22/5974,0.045454545454545456,0.8179079956188391,-0.20754845933928034,0.7164025179434818,0.9915929491154466,0.9915929491154466,7360,1
Organismal Systems,Immune system,hsa04670,Leukocyte transendothelial migration,4/332,87/5974,0.04597701149425287,0.8273092369477912,-0.3935776925214674,0.7208760480547163,0.9915929491154466,0.9915929491154466,5336/49861/2770/1364,4
Metabolism,Lipid metabolism,hsa00561,Glycerolipid metabolism,2/332,45/5974,0.044444444444444446,0.7997322623828648,-0.32709603652723024,0.7227814531374597,0.9915929491154466,0.9915929491154466,84803/9162,2
Organismal Systems,Digestive system,hsa04971,Gastric acid secretion,2/332,45/5974,0.044444444444444446,0.7997322623828648,-0.32709603652723024,0.7227814531374597,0.9915929491154466,0.9915929491154466,2770/817,2
Organismal Systems,Sensory system,hsa04742,Taste transduction,1/332,23/5974,0.043478260869565216,0.7823467784180199,-0.253677997586694,0.7322214635151827,0.9915929491154466,0.9915929491154466,259295,1
Organismal Systems,Immune system,hsa04640,Hematopoietic cell lineage,2/332,46/5974,0.043478260869565216,0.7823467784180199,-0.3594501559733054,0.7340394539087168,0.9915929491154466,0.9915929491154466,3589/7124,2
Human Diseases,Cancer: overview,hsa05208,Chemical carcinogenesis - reactive oxygen species,9/332,192/5974,0.046875,0.8434676204819277,-0.5347668974394427,0.7490137492966411,0.9915929491154466,0.9915929491154466,653689/7422/27/4217/57412/4233/4731/5795/440567,9
Organismal Systems,Endocrine system,hsa04928,"Parathyroid hormone synthesis, secretion and action",4/332,91/5974,0.04395604395604396,0.7909439957632729,-0.4874529192096588,0.7531058575921697,0.9915929491154466,0.9915929491154466,65268/2770/64386/9935,4
Metabolism,Global and overview maps,hsa01232,Nucleotide metabolism,3/332,70/5974,0.04285714285714286,0.771170395869191,-0.4671289822302996,0.7553853075461884,0.9915929491154466,0.9915929491154466,4831/2766/6241,3
Metabolism,Nucleotide metabolism,hsa00240,Pyrimidine metabolism,2/332,48/5974,0.041666666666666664,0.7497489959839357,-0.42224487010839284,0.7553925566307436,0.9915929491154466,0.9915929491154466,4831/6241,2
Organismal Systems,Nervous system,hsa04721,Synaptic vesicle cycle,2/332,48/5974,0.041666666666666664,0.7497489959839357,-0.42224487010839284,0.7553925566307436,0.9915929491154466,0.9915929491154466,527/6809,2
Human Diseases,Cancer: overview,hsa05203,Viral carcinogenesis,7/332,154/5974,0.045454545454545456,0.8179079956188391,-0.5553138468908118,0.7611245151159657,0.9915929491154466,0.9915929491154466,1959/2968/836/9734/595/5315/1960,7
Genetic Information Processing,Translation,hsa00970,Aminoacyl-tRNA biosynthesis,1/332,25/5974,0.04,0.7197590361445784,-0.3405872580282603,0.7612685616799661,0.9915929491154466,0.9915929491154466,57176,1
Organismal Systems,Sensory system,hsa04740,Olfactory transduction,1/332,25/5974,0.04,0.7197590361445784,-0.3405872580282603,0.7612685616799661,0.9915929491154466,0.9915929491154466,817,1
Organismal Systems,Digestive system,hsa04973,Carbohydrate digestion and absorption,1/332,25/5974,0.04,0.7197590361445784,-0.3405872580282603,0.7612685616799661,0.9915929491154466,0.9915929491154466,486,1
Genetic Information Processing,"Folding, sorting and degradation",hsa03018,RNA degradation,3/332,71/5974,0.04225352112676056,0.76030884099779406,-0.4928259371847645,0.7639031781970916,0.9915929491154466,0.9915929491154466,2023/132430/23644,3
Metabolism,Lipid metabolism,hsa00600,Sphingolipid metabolism,2/332,49/5974,0.04081632653061224,0.7344479960658962,-0.4527434793271836,0.7655048843370249,0.9915929491154466,0.9915929491154466,81537/9517,2
Organismal Systems,Immune system,hsa04622,RIG-I-like receptor signaling pathway,2/332,49/5974,0.04081632653061224,0.7344479960658962,-0.4527434793271836,0.7655048843370249,0.9915929491154466,0.9915929491154466,8737/7124,2
Organismal Systems,Endocrine system,hsa04918,Thyroid hormone synthesis,2/332,49/5974,0.04081632653061224,0.7344479960658962,-0.4527434793271836,0.7655048843370249,0.9915929491154466,0.9915929491154466,7849/486,2
Environmental Information Processing,Signal transduction,hsa04072,Phospholipase D signaling pathway,5/332,114/5974,0.043859649122807015,0.7892094694567744,-0.551192720014657,0.7679139322395687,0.9915929491154466,0.9915929491154466,5336/2534/399694/9162/5321,5
Metabolism,Carbohydrate metabolism,hsa00051,Fructose and mannose metabolism,1/332,26/5974,0.038461538461538464,0.6920759962928638,-0.3816748093299105,0.7745916138773524,0.9915929491154466,0.9915929491154466,5210,1
Metabolism,Glycan biosynthesis and metabolism,hsa00510,N-Glycan biosynthesis,2/332,51/5974,0.0392156862745098,0.7056461138672336,-0.512074033402509,0.7846458195522381,0.9915929491154466,0.9915929491154466,79644/4124,2
Metabolism,Amino acid metabolism,hsa00250,"Alanine, aspartate and glutamate metabolism",1/332,27/5974,0.037037037037037035,0.6664435519857206,-0.42135777457753576,0.7871732521074667,0.9915929491154466,0.9915929491154466,284716,1
Human Diseases,Drug resistance: antineoplastic,hsa01523,Antifolate resistance,1/332,27/5974,0.037037037037037035,0.6664435519857206,-0.42135777457753576,0.7871732521074667,0.9915929491154466,0.9915929491154466,7124,1
Human Diseases,Cancer: overview,hsa05204,Chemical carcinogenesis - DNA adducts,1/332,27/5974,0.037037037037037035,0.6664435519857206,-0.42135777457753576,0.7871732521074667,0.9915929491154466,0.9915929491154466,653689,1
Metabolism,Global and overview maps,hsa01200,Carbon metabolism,4/332,96/5974,0.041666666666666664,0.7497489959839357,-0.5995776181286004,0.7892854845664957,0.9915929491154466,0.9915929491154466,5230/2023/5315/5224,4
Human Diseases,Cancer: specific types,hsa05212,Pancreatic cancer,3/332,75/5974,0.04,0.7197590361445784,-0.5924092211879789,0.7955948614567127,0.9915929491154466,0.9915929491154466,7422/595/7046,3
Human Diseases,Cancer: overview,hsa05235,PD-L1 expression and PD-1 checkpoint pathway in cancer,3/332,75/5974,0.04,0.7197590361445784,-0.5924092211879789,0.7955948614567127,0.9915929491154466,0.9915929491154466,5534/3717/4772,3
Metabolism,Glycan biosynthesis and metabolism,hsa00563,Glycosylphosphatidylinositol (GPI)-anchor biosynthesis,1/332,28/5974,0.03571428571428571,0.6426419965576592,-0.4597469265499204,0.7990546175522827,0.9915929491154466,0.9915929491154466,54965,1
Human Diseases,Neurodegenerative disease,hsa05020,Prion disease,10/332,223/5974,0.04484304932735426,0.8069047490410071,-0.712854833682175,0.8029297952985027,0.9915929491154466,0.9915929491154466,5683/836/5534/2534/3305/7124/3312/4731/6352/440567,10
Organismal Systems,Endocrine system,hsa04910,Insulin signaling pathway,5/332,120/5974,0.041666666666666664,0.7497489959839357,-0.6717208839983511,0.8053446048893187,0.9915929491154466,0.9915929491154466,5571/51422/399694/10211/5577,5
Human Diseases,Cardiovascular disease,hsa05418,Fluid shear stress and atherosclerosis,5/332,120/5974,0.041666666666666664,0.7497489959839357,-0.6717208839983511,0.8053446048893187,0.9915929491154466,0.9915929491154466,653689/7422/7124/4217/6385,5
Organismal Systems,Nervous system,hsa04723,Retrograde endocannabinoid signaling,4/332,99/5974,0.04040404040404041,0.727029329438968,-0.6643216508892574,0.8088863166110336,0.9915929491154466,0.9915929491154466,2790/2770/4731/2787,4
Human Diseases,Infectious disease: viral,hsa05162,Measles,4/332,99/5974,0.04040404040404041,0.727029329438968,-0.6643216508892574,0.8088863166110336,0.9915929491154466,0.9915929491154466,836/595/3305/3312,4
Human Diseases,Cancer: overview,hsa05207,Chemical carcinogenesis - receptor activation,6/332,142/5974,0.04225352112676056,0.76030884099779406,-0.7011907660404265,0.809742614620431,0.9915929491154466,0.9915929491154466,653689/7422/595/2770/153/3717,6
Organismal Systems,Endocrine system,hsa04916,Melanogenesis,3/332,77/5974,0.03896103896103896,0.7010639962447192,-0.6404080486402148,0.8100663354748492,0.9915929491154466,0.9915929491154466,2770/817/8325,3
Metabolism,Global and overview maps,hsa01210,2-Oxocarboxylic acid metabolism,1/332,29/5974,0.034482758620689655,0.6204819277108434,-0.49694038166426263,0.8102745749980684,0.9915929491154466,0.9915929491154466,593,1
Organismal Systems,Nervous system,hsa04720,Long-term potentiation,2/332,54/5974,0.037037037037037035,0.6664435519857206,-0.5972472040563235,0.8107861278891544,0.9915929491154466,0.9915929491154466,5534/817,2
Human Diseases,Neurodegenerative disease,hsa05017,Spinocerebellar ataxia,5/332,121/5974,0.04132231404958678,0.7435527232898537,-0.6912740800814196,0.8110948186684496,0.9915929491154466,0.9915929491154466,5683/6712/3748/10939/4217,5
Human Diseases,Infectious disease: viral,hsa05168,Herpes simplex virus 1 infection,6/332,143/5974,0.04195804195804196,0.7549919959558514,-0.7193256199571503,0.8149898763145395,0.9915929491154466,0.9915929491154466,836/7124/330/6891/3717/6352,6
Organismal Systems,Aging,hsa04211,Longevity regulating pathway,3/332,78/5974,0.038461538461538464,0.6920759962928638,-0.663988973239147,0.8169728071328523,0.9915929491154466,0.9915929491154466,5571/51422/3479,3
Metabolism,Xenobiotics biodegradation and metabolism,hsa00980,Metabolism of xenobiotics by cytochrome P450,1/332,30/5974,0.03333333333333333,0.5997991967871485,-0.5330254447940217,0.8208698384296313,0.9925346335384896,0.9925346335384896,653689,1
Genetic Information Processing,Transcription,hsa03020,RNA polymerase,1/332,31/5974,0.03225806451612903,0.5804508356004664,-0.568080132012767,0.8308750897151902,0.996194175065801,0.996194175065801,548644,1
Cellular Processes,Transport and catabolism,hsa04136,Autophagy - other,1/332,31/5974,0.03225806451612903,0.5804508356004664,-0.568080132012767,0.8308750897151902,0.996194175065801,0.996194175065801,79065,1
Human Diseases,Cancer: specific types,hsa05213,Endometrial cancer,2/332,57/5974,0.03508771929824561,0.6313675755654196,-0.6783111157257052,0.8340647949726656,0.996194175065801,0.996194175065801,595/8313,2
Organismal Systems,Immune system,hsa04620,Toll-like receptor signaling pathway,3/332,81/5974,0.037037037037037035,0.6664435519857206,-0.7331492382455604,0.8364271847250593,0.996194175065801,0.996194175065801,8737/7124/6352,3
Organismal Systems,Immune system,hsa04666,Fc gamma R-mediated phagocytosis,3/332,82/5974,0.036585365853658534,0.6583161915956508,-0.7556987685448207,0.8425051159117749,0.9989295789895895,0.9989295789895895,5336/8936/5321,3
Cellular Processes,Transport and catabolism,hsa04144,Endocytosis,10/332,234/5974,0.042735042735042736,0.7689733292142931,-0.8745061349981202,0.8471633617115057,0.9989295789895895,0.9989295789895895,8729/23550/23327/3305/729092/22841/3312/128866/7046/58513,10
Genetic Information Processing,"Folding, sorting and degradation",hsa04130,SNARE interactions in vesicular transport,1/332,33/5974,0.030303030303030304,0.545271997079226,-0.6353713848872992,0.8492447894931939,0.9989295789895895,0.9989295789895895,6809,1
Human Diseases,Infectious disease: viral,hsa05166,Human T-cell leukemia virus 1 infection,8/332,194/5974,0.041237113402061855,0.7420196248913179,-0.8860788572389119,0.8538812946117678,0.9989295789895895,0.9989295789895895,1959/3600/5534/595/7124/7046/29882/4772,8
Human Diseases,Drug resistance: antineoplastic,hsa01522,Endocrine resistance,3/332,85/5974,0.03529411764705882,0.6350815024805103,-0.8219271419230276,0.8595815848980465,0.9989295789895895,0.9989295789895895,3479/595/399694,3
Metabolism,Lipid metabolism,hsa00071,Fatty acid degradation,1/332,35/5974,0.02857142857142857,0.5141135972461274,-0.6992957094300765,0.8656245972061738,0.9989295789895895,0.9989295789895895,2180,1
Genetic Information Processing,Replication and repair,hsa03030,DNA replication,1/332,35/5974,0.02857142857142857,0.5141135972461274,-0.6992957094300765,0.8656245972061738,0.9989295789895895,0.9989295789895895,10714,1
Organismal Systems,Excretory system,hsa04962,Vasopressin-regulated water reabsorption,1/332,37/5974,0.02702702702702703,0.4863236730706611,-0.7602486320297396,0.880229486908735,0.9989295789895895,0.9989295789895895,1780,1
Cellular Processes,Cellular community - eukaryotes,hsa04540,Gap junction,2/332,66/5974,0.030303030303030304,0.545271997079226,-0.9010568288027151,0.8891867482480795,0.9989295789895895,0.9989295789895895,2770/153,2
Cellular Processes,Cell motility,hsa04814,Motor proteins,5/332,138/5974,0.036231884057971016,0.6519556486816832,-1.0033795596672743,0.8895576244964123,0.9989295789895895,0.9989295789895895,146439/4650/4645/7168/1780,5
Cellular Processes,Transport and catabolism,hsa04145,Phagosome,4/332,115/5974,0.034782608695652174,0.6258774227344159,-0.9826522365369389,0.8897226096575113,0.9989295789895895,0.9989295789895895,527/1311/6891/1780,4
Genetic Information Processing,"Folding, sorting and degradation",hsa04141,Protein processing in endoplasmic reticulum,6/332,161/5974,0.037267080745341616,0.6705829529297314,-1.0277976128492272,0.8912452238964991,0.9989295789895895,0.9989295789895895,55973/3305/64215/3312/4217/10808,6
Metabolism,Glycan biosynthesis and metabolism,hsa00513,Various types of N-glycan biosynthesis,1/332,39/5974,0.02564102564102564,0.46138399752857584,-0.8185589332594759,0.8932512711011632,0.9989295789895895,0.9989295789895895,4124,1
Organismal Systems,Digestive system,hsa04976,Bile secretion,1/332,39/5974,0.02564102564102564,0.46138399752857584,-0.8185589332594759,0.8932512711011632,0.9989295789895895,0.9989295789895895,486,1
Organismal Systems,Endocrine system,hsa04925,Aldosterone synthesis and secretion,2/332,67/5974,0.029850746268656716,0.5371336090631181,-0.9241837366258052,0.8941355753868654,0.9989295789895895,0.9989295789895895,490/817,2
Human Diseases,Infectious disease: viral,hsa05169,Epstein-Barr virus infection,6/332,163/5974,0.03680981595092025,0.6623549412373421,-1.060174908087828,0.8977939842057503,0.9989295789895895,0.9989295789895895,5336/836/595/8737/7124/6891,6
Cellular Processes,Cell growth and death,hsa04110,Cell cycle,5/332,141/5974,0.03546099290780142,0.6380842519012219,-1.0549206834655684,0.9000315868693313,0.9989295789895895,0.9989295789895895,5525/595/1875/29882/994,5
Human Diseases,Cancer: specific types,hsa05215,Prostate cancer,3/332,94/5974,0.031914893617021274,0.5742758267110997,-1.0091421189797913,0.9014534975260774,0.9989295789895895,0.9989295789895895,6935/3479/595,3
Genetic Information Processing,Replication and repair,hsa03410,Base excision repair,1/332,42/5974,0.023809523809523808,0.42842799770510614,-0.9016620262603658,0.9101848915942907,0.9989295789895895,0.9989295789895895,10714,1
Metabolism,Nucleotide metabolism,hsa00230,Purine metabolism,3/332,97/5974,0.030927835051546393,0.5565147186684885,-1.0681592134357834,0.9126882335053434,0.9989295789895895,0.9989295789895895,4831/2766/6241,3
Human Diseases,Endocrine and metabolic disease,hsa04931,Insulin resistance,3/332,97/5974,0.030927835051546393,0.5565147186684885,-1.0681592134357834,0.9126882335053434,0.9989295789895895,0.9989295789895895,5571/51422/7124,3
Organismal Systems,Endocrine system,hsa04929,GnRH secretion,1/332,43/5974,0.023255813953488372,0.4184645558980106,-0.9283146705514137,0.9152116306352036,0.9989295789895895,0.9989295789895895,3783,1
Human Diseases,Infectious disease: bacterial,hsa05135,Yersinia infection,4/332,123/5974,0.032520325203252036,0.5851699480850231,-1.1276036573707087,0.9175923691580623,0.9989295789895895,0.9989295789895895,3586/7124/2335/4772,4
Organismal Systems,Endocrine system,hsa04912,GnRH signaling pathway,2/332,73/5974,0.0273972602739726,0.4929856411949166,-1.0572255249893052,0.9197646279649081,0.9989295789895895,0.9989295789895895,817/5321,2
Metabolism,Amino acid metabolism,hsa00280,"Valine, leucine and isoleucine degradation",1/332,44/5974,0.022727272727272728,0.40895399780941954,-0.9544848379868859,0.9199578350913008,0.9989295789895895,0.9989295789895895,593,1
Genetic Information Processing,Translation,hsa03008,Ribosome biogenesis in eukaryotes,2/332,74/5974,0.02702702702702703,0.4863236730706611,-1.0785199026350643,0.9234241595219207,0.9989295789895895,0.9989295789895895,6023/9724,2
Organismal Systems,Endocrine system,hsa04927,Cortisol synthesis and secretion,1/332,46/5974,0.021739130434782608,0.39117338920900996,-1.005465568664198,0.9286702201124677,0.9989295789895895,0.9989295789895895,3739,1
Genetic Information Processing,Translation,hsa03013,Nucleocytoplasmic transport,3/332,102/5974,0.029411764705882353,0.5292345854004252,-1.1632160075199518,0.9288574289760146,0.9989295789895895,0.9989295789895895,81929/23279/64328,3
Human Diseases,Infectious disease: bacterial,hsa05132,Salmonella infection,8/332,221/5974,0.03619909502262444,0.6513656435697542,-1.2810553393124053,0.931503782669645,0.9989295789895895,0.9989295789895895,836/8743/10787/8737/7124/330/5063/1780,8
Organismal Systems,Immune system,hsa04613,Neutrophil extracellular trap formation,2/332,77/5974,0.025974025974025976,0.4673759974964795,-1.1410358532171117,0.9334828911331652,0.9989295789895895,0.9989295789895895,5336/9734,2
Human Diseases,Neurodegenerative disease,hsa05014,Amyotrophic lateral sclerosis,12/332,312/5974,0.038461538461538464,0.6920759962928638,-1.355141569821973,0.9373064792622221,0.9989295789895895,0.9989295789895895,5683/144983/4744/836/5534/81929/440738/23279/7124/4217/4731/440567,12
Human Diseases,Neurodegenerative disease,hsa05012,Parkinson disease,8/332,225/5974,0.035555555555555556,0.6397858099062919,-1.3359945307533458,0.9392451072889536,0.9989295789895895,0.9989295789895895,5683/836/2770/4217/7345/817/4731/440567,8
Environmental Information Processing,Signal transduction,hsa04330,Notch signaling pathway,1/332,52/5974,0.019230769230769232,0.3460379981464319,-1.1488643235002678,0.9495312311708588,0.999925996048921,0.9999259960489209,5664,1
Metabolism,Energy metabolism,hsa00190,Oxidative phosphorylation,3/332,113/5974,0.02654867256637168,0.47771617443224224,-1.3595922986999236,0.955216141355025,0.999925996048921,0.9999259960489209,527/4731/440567,3
Human Diseases,Neurodegenerative disease,hsa05022,Pathways of neurodegeneration - multiple diseases,15/332,392/5974,0.03826530612244898,0.6885449963117778,-1.547362929582813,0.9577301081295515,0.999925996048921,0.9999259960489209,5683/6712/5664/4744/836/5534/440738/7124/4217/7345/8313/817/4731/8325/440567,15
Metabolism,Global and overview maps,hsa01240,Biosynthesis of cofactors,3/332,115/5974,0.02608695652173913,0.4694080670508119,-1.3936270657914667,0.9588991525207022,0.999925996048921,0.9999259960489209,4831/57026/7360,3
Human Diseases,Cancer: specific types,hsa05221,Acute myeloid leukemia,1/332,59/5974,0.01694915254237288,0.30498264243414336,-1.3013467762971176,0.9663073625425143,0.999925996048921,0.9999259960489209,595,1
Human Diseases,Cardiovascular disease,hsa05415,Diabetic cardiomyopathy,5/332,172/5974,0.029069767441860465,0.5230806948725133,-1.5394621729201163,0.966813927232357,0.999925996048921,0.9999259960489209,5165/817/4731/7046/440567,5
Organismal Systems,Circulatory system,hsa04270,Vascular smooth muscle contraction,2/332,92/5974,0.021739130434782608,0.39117338920900996,-1.4274923462050384,0.9676091933346034,0.999925996048921,0.9999259960489209,5583/5321,2
Organismal Systems,Environmental adaptation,hsa04714,Thermogenesis,6/332,198/5974,0.030303030303030304,0.545271997079226,-1.5784086809354216,0.9683497273209967,0.999925996048921,0.9999259960489209,5571/51422/2180/4217/4731/440567,6
Human Diseases,Neurodegenerative disease,hsa05010,Alzheimer disease,11/332,318/5974,0.03459119496855346,0.6224331287413806,-1.678423297044234,0.9713001256312308,0.999925996048921,0.9999259960489209,5683/5664/836/5534/7124/4217/4035/8313/4731/8325/440567,11
Cellular Processes,Transport and catabolism,hsa04142,Lysosome,7/332,228/5974,0.03070175438596491,0.5524466286197421,-1.671391556845995,0.9741023224140068,0.999925996048921,0.9999259960489209,527/1201/58528/23457/968/219931/64121,7
Cellular Processes,Transport and catabolism,hsa04137,Mitophagy - animal,2/332,100/5974,0.02,0.3598795180722892,-1.565826038425746,0.9781317394927107,0.999925996048921,0.9999259960489209,79065/440738,2
Cellular Processes,Transport and catabolism,hsa04140,Autophagy - animal,4/332,159/5974,0.025157232704402517,0.45267863908464046,-1.6967382841674017,0.9800425705188509,0.999925996048921,0.9999259960489209,79065/58528/440738/64121,4
Genetic Information Processing,Transcription,hsa03040,Spliceosome,3/332,140/5974,0.02142857142857143,0.3855851979345955,-1.7843959696279514,0.9864488505707998,0.999925996048921,0.9999259960489209,144983/3305/3312,3
Cellular Processes,Transport and catabolism,hsa04146,Peroxisome,1/332,77/5974,0.012987012987012988,0.23368799874823976,-1.6416636577940082,0.9881068349517249,0.999925996048921,0.9999259960489209,2180,1
Genetic Information Processing,Chromosome,hsa03083,Polycomb repressive complex,1/332,78/5974,0.01282051282051282,0.23069199876428792,-1.65888993289068,0.988776417925445,0.999925996048921,0.9999259960489209,84108,1
Genetic Information Processing,Chromosome,hsa03082,ATP-dependent chromatin remodeling,1/332,87/5974,0.011494252873563218,0.2068273092369478,-1.8077114947206938,0.9933405260975915,0.999925996048921,0.9999259960489209,605,1
Human Diseases,Neurodegenerative disease,hsa05016,Huntington disease,6/332,259/5974,0.023166023166023165,0.4168488626319951,-2.3274033226605706,0.9969743382083612,0.999925996048921,0.9999259960489209,5683/548644/836/4217/4731/440567,6
Human Diseases,Infectious disease: viral,hsa05171,Coronavirus disease - COVID-19,2/332,178/5974,0.011235955056179775,0.2021795045349939,-2.6211975896081414,0.999616765487175,0.999925996048921,0.9999259960489209,5336/7124,2
Genetic Information Processing,Translation,hsa03010,Ribosome,1/332,164/5974,0.006097560975609756,0.10971936526594182,-2.804203602543275,0.999925996048921,0.999925996048921,0.9999259960489209,64951,1
